results_dir,nav_csv,positions_csv,orders_csv,trades_csv,oos_metrics_available,start_date,end_date,observations,total_return,annualized_return,annualized_volatility,max_drawdown,sharpe_ratio,turnover_total,annualized_turnover,turnover_amount_total,turnover_amount_ratio,annualized_turnover_amount,turnover_quantity_total,annualized_turnover_quantity,trade_count,order_count,filled_order_count,rejected_order_count,order_status_counts,rejection_reason_counts,pending_intent_count,max_pending_intent_count,average_cash_weight,max_position_count,config_file,config_stem,variant,oos_start,raw_output_dir,strategy_names,original_run_name,replacement_asset_ids,original_start,configured_end
results\backtests\dividend_sleeve_512890_compare\20260624_214833\baseline_r1_domestic_ewma\pure_512890\baseline_r1_domestic_ewma_pure_512890_oos_20260624_214834_135961,results\backtests\dividend_sleeve_512890_compare\20260624_214833\baseline_r1_domestic_ewma\pure_512890\baseline_r1_domestic_ewma_pure_512890_oos_20260624_214834_135961\nav.csv,results\backtests\dividend_sleeve_512890_compare\20260624_214833\baseline_r1_domestic_ewma\pure_512890\baseline_r1_domestic_ewma_pure_512890_oos_20260624_214834_135961\positions.csv,results\backtests\dividend_sleeve_512890_compare\20260624_214833\baseline_r1_domestic_ewma\pure_512890\baseline_r1_domestic_ewma_pure_512890_oos_20260624_214834_135961\orders.csv,results\backtests\dividend_sleeve_512890_compare\20260624_214833\baseline_r1_domestic_ewma\pure_512890\baseline_r1_domestic_ewma_pure_512890_oos_20260624_214834_135961\trades.csv,False,2023-12-14,2026-06-10,600,0.582040074059013,0.21247094920153642,0.07766088711804105,-0.04272702296696307,2.7358810475418616,4856582.1763670975,0.7663711063749754,4856582.1763670975,1.824693110416608,0.7663711063749754,1237300.0,259833.0,64,282,64,218,"{'REJECTED': 218, 'FILLED': 64}","{'insufficient_cash_or_lot': 217, 'limit_down': 1}",0,4,0.056967433370566076,4,configs\baseline_r1_domestic_ewma.yaml,baseline_r1_domestic_ewma,pure_512890,2023-12-14,results\backtests\dividend_sleeve_512890_compare\20260624_214833\baseline_r1_domestic_ewma\pure_512890\baseline_r1_domestic_ewma_pure_512890_oos_20260624_214834_135961,['risk_parity_ewma'],,,,
results\backtests\dividend_sleeve_512890_compare\20260624_214833\baseline_r1_domestic_low_vol_ewma\pure_512890\baseline_r1_domestic_low_vol_ewma_pure_512890_oos_20260624_214834_521154,results\backtests\dividend_sleeve_512890_compare\20260624_214833\baseline_r1_domestic_low_vol_ewma\pure_512890\baseline_r1_domestic_low_vol_ewma_pure_512890_oos_20260624_214834_521154\nav.csv,results\backtests\dividend_sleeve_512890_compare\20260624_214833\baseline_r1_domestic_low_vol_ewma\pure_512890\baseline_r1_domestic_low_vol_ewma_pure_512890_oos_20260624_214834_521154\positions.csv,results\backtests\dividend_sleeve_512890_compare\20260624_214833\baseline_r1_domestic_low_vol_ewma\pure_512890\baseline_r1_domestic_low_vol_ewma_pure_512890_oos_20260624_214834_521154\orders.csv,results\backtests\dividend_sleeve_512890_compare\20260624_214833\baseline_r1_domestic_low_vol_ewma\pure_512890\baseline_r1_domestic_low_vol_ewma_pure_512890_oos_20260624_214834_521154\trades.csv,False,2023-12-14,2026-06-10,600,0.508901988222159,0.18860521921769258,0.07050570100233114,-0.03463607830954407,2.675035018961895,4537904.337884563,0.7316505407324112,4537904.337884563,1.7420250969819313,0.7316505407324112,1298200.0,272622.0,50,135,50,85,"{'REJECTED': 85, 'FILLED': 50}","{'insufficient_cash_or_lot': 84, 'limit_down': 1}",3,3,0.05761859998792158,3,configs\baseline_r1_domestic_low_vol_ewma.yaml,baseline_r1_domestic_low_vol_ewma,pure_512890,2023-12-14,results\backtests\dividend_sleeve_512890_compare\20260624_214833\baseline_r1_domestic_low_vol_ewma\pure_512890\baseline_r1_domestic_low_vol_ewma_pure_512890_oos_20260624_214834_521154,['risk_parity_ewma'],,,,
results\backtests\dividend_sleeve_512890_compare\20260624_214833\baseline_r1_domestic_rolling\pure_512890\baseline_r1_domestic_rolling_pure_512890_oos_20260624_214834_867239,results\backtests\dividend_sleeve_512890_compare\20260624_214833\baseline_r1_domestic_rolling\pure_512890\baseline_r1_domestic_rolling_pure_512890_oos_20260624_214834_867239\nav.csv,results\backtests\dividend_sleeve_512890_compare\20260624_214833\baseline_r1_domestic_rolling\pure_512890\baseline_r1_domestic_rolling_pure_512890_oos_20260624_214834_867239\positions.csv,results\backtests\dividend_sleeve_512890_compare\20260624_214833\baseline_r1_domestic_rolling\pure_512890\baseline_r1_domestic_rolling_pure_512890_oos_20260624_214834_867239\orders.csv,results\backtests\dividend_sleeve_512890_compare\20260624_214833\baseline_r1_domestic_rolling\pure_512890\baseline_r1_domestic_rolling_pure_512890_oos_20260624_214834_867239\trades.csv,False,2023-12-14,2026-06-10,600,0.512109995084975,0.189665921813168,0.06967301741162163,-0.04836622345705377,2.722229190859348,2539883.510768814,0.4126575458768264,2539883.510768814,0.9825179663733962,0.4126575458768264,550500.0,115605.0,30,106,30,76,"{'REJECTED': 76, 'FILLED': 30}",{'insufficient_cash_or_lot': 76},0,4,0.05606899568809344,4,configs\baseline_r1_domestic_rolling.yaml,baseline_r1_domestic_rolling,pure_512890,2023-12-14,results\backtests\dividend_sleeve_512890_compare\20260624_214833\baseline_r1_domestic_rolling\pure_512890\baseline_r1_domestic_rolling_pure_512890_oos_20260624_214834_867239,['risk_parity'],,,,
results\backtests\dividend_sleeve_512890_compare\20260624_214833\baseline_r2_global_dividend_ewma\pure_512890\baseline_r2_global_dividend_ewma_pure_512890_oos_20260624_214835_194114,results\backtests\dividend_sleeve_512890_compare\20260624_214833\baseline_r2_global_dividend_ewma\pure_512890\baseline_r2_global_dividend_ewma_pure_512890_oos_20260624_214835_194114\nav.csv,results\backtests\dividend_sleeve_512890_compare\20260624_214833\baseline_r2_global_dividend_ewma\pure_512890\baseline_r2_global_dividend_ewma_pure_512890_oos_20260624_214835_194114\positions.csv,results\backtests\dividend_sleeve_512890_compare\20260624_214833\baseline_r2_global_dividend_ewma\pure_512890\baseline_r2_global_dividend_ewma_pure_512890_oos_20260624_214835_194114\orders.csv,results\backtests\dividend_sleeve_512890_compare\20260624_214833\baseline_r2_global_dividend_ewma\pure_512890\baseline_r2_global_dividend_ewma_pure_512890_oos_20260624_214835_194114\trades.csv,False,2023-12-14,2026-06-10,600,0.5085298604157529,0.1884820934137481,0.07014950994785349,-0.04418107034416863,2.6868625818463823,5652735.877244604,0.9211432925411446,5652735.877244604,2.1931983155741537,0.9211432925411446,1802000.0,378420.0,142,303,142,161,"{'REJECTED': 161, 'FILLED': 142}",{'insufficient_cash_or_lot': 161},0,4,0.05747986448805027,4,configs\baseline_r2_global_dividend_ewma.yaml,baseline_r2_global_dividend_ewma,pure_512890,2023-12-14,results\backtests\dividend_sleeve_512890_compare\20260624_214833\baseline_r2_global_dividend_ewma\pure_512890\baseline_r2_global_dividend_ewma_pure_512890_oos_20260624_214835_194114,['risk_parity_lw_cov'],,,,
results\backtests\dividend_sleeve_512890_compare\20260624_214833\baseline_r2_global_ewma\pure_512890\baseline_r2_global_ewma_pure_512890_oos_20260624_214837_429458,results\backtests\dividend_sleeve_512890_compare\20260624_214833\baseline_r2_global_ewma\pure_512890\baseline_r2_global_ewma_pure_512890_oos_20260624_214837_429458\nav.csv,results\backtests\dividend_sleeve_512890_compare\20260624_214833\baseline_r2_global_ewma\pure_512890\baseline_r2_global_ewma_pure_512890_oos_20260624_214837_429458\positions.csv,results\backtests\dividend_sleeve_512890_compare\20260624_214833\baseline_r2_global_ewma\pure_512890\baseline_r2_global_ewma_pure_512890_oos_20260624_214837_429458\orders.csv,results\backtests\dividend_sleeve_512890_compare\20260624_214833\baseline_r2_global_ewma\pure_512890\baseline_r2_global_ewma_pure_512890_oos_20260624_214837_429458\trades.csv,False,2023-12-14,2026-06-10,600,0.5288183261930632,0.19516941175528846,0.07181628336712187,-0.047288747968860845,2.7176206092090633,5517947.575914931,0.8998678281512595,5517947.575914931,2.1425424479791895,0.8998678281512595,1681500.0,353115.0,139,303,139,164,"{'REJECTED': 164, 'FILLED': 139}",{'insufficient_cash_or_lot': 164},0,5,0.05776422280812536,5,configs\baseline_r2_global_ewma.yaml,baseline_r2_global_ewma,pure_512890,2023-12-14,results\backtests\dividend_sleeve_512890_compare\20260624_214833\baseline_r2_global_ewma\pure_512890\baseline_r2_global_ewma_pure_512890_oos_20260624_214837_429458,['risk_parity_lw_cov'],,,,
results\backtests\dividend_sleeve_512890_compare\20260624_214833\baseline_r3_global_nasdaq_all_weather_ewma\pure_512890\baseline_r3_global_nasdaq_all_weather_ewma_pure_512890_oos_20260624_214839_799486,results\backtests\dividend_sleeve_512890_compare\20260624_214833\baseline_r3_global_nasdaq_all_weather_ewma\pure_512890\baseline_r3_global_nasdaq_all_weather_ewma_pure_512890_oos_20260624_214839_799486\nav.csv,results\backtests\dividend_sleeve_512890_compare\20260624_214833\baseline_r3_global_nasdaq_all_weather_ewma\pure_512890\baseline_r3_global_nasdaq_all_weather_ewma_pure_512890_oos_20260624_214839_799486\positions.csv,results\backtests\dividend_sleeve_512890_compare\20260624_214833\baseline_r3_global_nasdaq_all_weather_ewma\pure_512890\baseline_r3_global_nasdaq_all_weather_ewma_pure_512890_oos_20260624_214839_799486\orders.csv,results\backtests\dividend_sleeve_512890_compare\20260624_214833\baseline_r3_global_nasdaq_all_weather_ewma\pure_512890\baseline_r3_global_nasdaq_all_weather_ewma_pure_512890_oos_20260624_214839_799486\trades.csv,False,2023-12-14,2026-06-10,600,0.4231889154037407,0.15976573125934568,0.0692383046347092,-0.05515268726157996,2.307476072706365,4773309.264747564,0.8302405565941591,4773309.264747564,1.9767632299860929,0.8302405565941591,1768700.0,371427.0,114,396,114,282,"{'REJECTED': 282, 'FILLED': 114}",{'insufficient_cash_or_lot': 282},7,7,0.056646491117142476,7,configs\baseline_r3_global_nasdaq_all_weather_ewma.yaml,baseline_r3_global_nasdaq_all_weather_ewma,pure_512890,2023-12-14,results\backtests\dividend_sleeve_512890_compare\20260624_214833\baseline_r3_global_nasdaq_all_weather_ewma\pure_512890\baseline_r3_global_nasdaq_all_weather_ewma_pure_512890_oos_20260624_214839_799486,['risk_parity_lw_cov'],,,,
results\backtests\dividend_sleeve_512890_compare\20260624_214833\baseline_us_blend_ewma\pure_512890\baseline_us_blend_ewma_pure_512890_oos_20260624_214840_376196,results\backtests\dividend_sleeve_512890_compare\20260624_214833\baseline_us_blend_ewma\pure_512890\baseline_us_blend_ewma_pure_512890_oos_20260624_214840_376196\nav.csv,results\backtests\dividend_sleeve_512890_compare\20260624_214833\baseline_us_blend_ewma\pure_512890\baseline_us_blend_ewma_pure_512890_oos_20260624_214840_376196\positions.csv,results\backtests\dividend_sleeve_512890_compare\20260624_214833\baseline_us_blend_ewma\pure_512890\baseline_us_blend_ewma_pure_512890_oos_20260624_214840_376196\orders.csv,results\backtests\dividend_sleeve_512890_compare\20260624_214833\baseline_us_blend_ewma\pure_512890\baseline_us_blend_ewma_pure_512890_oos_20260624_214840_376196\trades.csv,False,2023-12-14,2026-06-10,600,0.592485086629875,0.21582664577394794,0.07773823386488218,-0.05670450738519617,2.776325561358636,5862551.912984391,0.937227529912933,5862551.912984391,2.231494118840317,0.937227529912933,1665600.0,349776.0,100,235,100,135,"{'REJECTED': 135, 'FILLED': 100}",{'insufficient_cash_or_lot': 135},0,6,0.056229614860524926,6,configs\baseline_us_blend_ewma.yaml,baseline_us_blend_ewma,pure_512890,2023-12-14,results\backtests\dividend_sleeve_512890_compare\20260624_214833\baseline_us_blend_ewma\pure_512890\baseline_us_blend_ewma_pure_512890_oos_20260624_214840_376196,['risk_parity_lw_cov'],,,,
results\backtests\dividend_sleeve_512890_compare\20260624_214833\demo_r1_domestic_ewma_cov\pure_512890\demo_r1_domestic_ewma_cov_pure_512890_oos_20260624_214840_865809,results\backtests\dividend_sleeve_512890_compare\20260624_214833\demo_r1_domestic_ewma_cov\pure_512890\demo_r1_domestic_ewma_cov_pure_512890_oos_20260624_214840_865809\nav.csv,results\backtests\dividend_sleeve_512890_compare\20260624_214833\demo_r1_domestic_ewma_cov\pure_512890\demo_r1_domestic_ewma_cov_pure_512890_oos_20260624_214840_865809\positions.csv,results\backtests\dividend_sleeve_512890_compare\20260624_214833\demo_r1_domestic_ewma_cov\pure_512890\demo_r1_domestic_ewma_cov_pure_512890_oos_20260624_214840_865809\orders.csv,results\backtests\dividend_sleeve_512890_compare\20260624_214833\demo_r1_domestic_ewma_cov\pure_512890\demo_r1_domestic_ewma_cov_pure_512890_oos_20260624_214840_865809\trades.csv,False,2023-12-14,2026-06-18,606,0.2535927153379758,0.0985442056927115,0.03744323896986913,-0.024551729496619434,2.6318290939523363,2224406.73384,0.40354625255604615,2224406.73384,0.9704326549562061,0.40354625255604615,417300.0,86765.34653465346,34,142,34,108,"{'REJECTED': 108, 'FILLED': 34}",{'insufficient_cash_or_lot': 108},0,4,0.055330723670084424,4,configs\demo_r1_domestic_ewma_cov.yaml,demo_r1_domestic_ewma_cov,pure_512890,2023-12-14,results\backtests\dividend_sleeve_512890_compare\20260624_214833\demo_r1_domestic_ewma_cov\pure_512890\demo_r1_domestic_ewma_cov_pure_512890_oos_20260624_214840_865809,['risk_parity_ewma_cov'],,,,
results\backtests\dividend_sleeve_512890_compare\20260624_214833\r1_domestic_ewma_10y_bond_3x_vol\pure_512890\r1_domestic_ewma_10y_bond_3x_vol_pure_512890_oos_20260624_214841_192814,results\backtests\dividend_sleeve_512890_compare\20260624_214833\r1_domestic_ewma_10y_bond_3x_vol\pure_512890\r1_domestic_ewma_10y_bond_3x_vol_pure_512890_oos_20260624_214841_192814\nav.csv,results\backtests\dividend_sleeve_512890_compare\20260624_214833\r1_domestic_ewma_10y_bond_3x_vol\pure_512890\r1_domestic_ewma_10y_bond_3x_vol_pure_512890_oos_20260624_214841_192814\positions.csv,results\backtests\dividend_sleeve_512890_compare\20260624_214833\r1_domestic_ewma_10y_bond_3x_vol\pure_512890\r1_domestic_ewma_10y_bond_3x_vol_pure_512890_oos_20260624_214841_192814\orders.csv,results\backtests\dividend_sleeve_512890_compare\20260624_214833\r1_domestic_ewma_10y_bond_3x_vol\pure_512890\r1_domestic_ewma_10y_bond_3x_vol_pure_512890_oos_20260624_214841_192814\trades.csv,False,2023-12-14,2026-06-10,600,0.6441983564222993,0.232255508076749,0.10185942086757593,-0.06453435803483976,2.2801573590202984,4897191.153559083,0.7583208486998161,4897191.153559083,1.8055258302376573,0.7583208486998161,1370100.0,287721.0,54,158,54,104,"{'REJECTED': 104, 'FILLED': 54}","{'insufficient_cash_or_lot': 103, 'limit_down': 1}",0,4,0.059021873543978184,4,configs\r1_domestic_ewma_10y_bond_3x_vol.yaml,r1_domestic_ewma_10y_bond_3x_vol,pure_512890,2023-12-14,results\backtests\dividend_sleeve_512890_compare\20260624_214833\r1_domestic_ewma_10y_bond_3x_vol\pure_512890\r1_domestic_ewma_10y_bond_3x_vol_pure_512890_oos_20260624_214841_192814,['risk_parity_ewma'],,,,
results\backtests\dividend_sleeve_512890_compare\20260624_214833\r1_domestic_ewma_30y_bond_futures\pure_512890\r1_domestic_ewma_30y_bond_futures_pure_512890_oos_20260624_214841_571741,results\backtests\dividend_sleeve_512890_compare\20260624_214833\r1_domestic_ewma_30y_bond_futures\pure_512890\r1_domestic_ewma_30y_bond_futures_pure_512890_oos_20260624_214841_571741\nav.csv,results\backtests\dividend_sleeve_512890_compare\20260624_214833\r1_domestic_ewma_30y_bond_futures\pure_512890\r1_domestic_ewma_30y_bond_futures_pure_512890_oos_20260624_214841_571741\positions.csv,results\backtests\dividend_sleeve_512890_compare\20260624_214833\r1_domestic_ewma_30y_bond_futures\pure_512890\r1_domestic_ewma_30y_bond_futures_pure_512890_oos_20260624_214841_571741\orders.csv,results\backtests\dividend_sleeve_512890_compare\20260624_214833\r1_domestic_ewma_30y_bond_futures\pure_512890\r1_domestic_ewma_30y_bond_futures_pure_512890_oos_20260624_214841_571741\trades.csv,False,2023-12-14,2026-06-10,600,0.582040074059013,0.21247094920153642,0.07766088711804105,-0.04272702296696307,2.7358810475418616,4856582.1763670975,0.7663711063749754,4856582.1763670975,1.824693110416608,0.7663711063749754,1237300.0,259833.0,64,282,64,218,"{'REJECTED': 218, 'FILLED': 64}","{'insufficient_cash_or_lot': 217, 'limit_down': 1}",0,4,0.056967433370566076,4,configs\r1_domestic_ewma_30y_bond_futures.yaml,r1_domestic_ewma_30y_bond_futures,pure_512890,2023-12-14,results\backtests\dividend_sleeve_512890_compare\20260624_214833\r1_domestic_ewma_30y_bond_futures\pure_512890\r1_domestic_ewma_30y_bond_futures_pure_512890_oos_20260624_214841_571741,['risk_parity_ewma'],,,,
results\backtests\dividend_sleeve_512890_compare\20260624_214833\r1_domestic_ewma_risk_parity_cvar_dynamic_budget\pure_512890\r1_domestic_ewma_risk_parity_cvar_dynamic_budget_pure_512890_oos_20260624_214841_963356,results\backtests\dividend_sleeve_512890_compare\20260624_214833\r1_domestic_ewma_risk_parity_cvar_dynamic_budget\pure_512890\r1_domestic_ewma_risk_parity_cvar_dynamic_budget_pure_512890_oos_20260624_214841_963356\nav.csv,results\backtests\dividend_sleeve_512890_compare\20260624_214833\r1_domestic_ewma_risk_parity_cvar_dynamic_budget\pure_512890\r1_domestic_ewma_risk_parity_cvar_dynamic_budget_pure_512890_oos_20260624_214841_963356\positions.csv,results\backtests\dividend_sleeve_512890_compare\20260624_214833\r1_domestic_ewma_risk_parity_cvar_dynamic_budget\pure_512890\r1_domestic_ewma_risk_parity_cvar_dynamic_budget_pure_512890_oos_20260624_214841_963356\orders.csv,results\backtests\dividend_sleeve_512890_compare\20260624_214833\r1_domestic_ewma_risk_parity_cvar_dynamic_budget\pure_512890\r1_domestic_ewma_risk_parity_cvar_dynamic_budget_pure_512890_oos_20260624_214841_963356\trades.csv,False,2023-12-14,2026-06-10,600,0.582545629543028,0.21263366575452158,0.07136944580655159,-0.0317057699081531,2.979337493118129,3638674.326597181,0.5743184797435248,3638674.326597181,1.367424951770297,0.5743184797435248,775400.0,162834.0,47,164,47,117,"{'REJECTED': 117, 'FILLED': 47}",{'insufficient_cash_or_lot': 117},4,4,0.05527990190872361,4,configs\r1_domestic_ewma_risk_parity_cvar_dynamic_budget.yaml,r1_domestic_ewma_risk_parity_cvar_dynamic_budget,pure_512890,2023-12-14,results\backtests\dividend_sleeve_512890_compare\20260624_214833\r1_domestic_ewma_risk_parity_cvar_dynamic_budget\pure_512890\r1_domestic_ewma_risk_parity_cvar_dynamic_budget_pure_512890_oos_20260624_214841_963356,['risk_parity_cvar_dynamic_budget'],,,,
results\backtests\dividend_sleeve_512890_compare\20260624_214833\r1_domestic_rolling_10y_bond_3x_vol\pure_512890\r1_domestic_rolling_10y_bond_3x_vol_pure_512890_oos_20260624_214842_372004,results\backtests\dividend_sleeve_512890_compare\20260624_214833\r1_domestic_rolling_10y_bond_3x_vol\pure_512890\r1_domestic_rolling_10y_bond_3x_vol_pure_512890_oos_20260624_214842_372004\nav.csv,results\backtests\dividend_sleeve_512890_compare\20260624_214833\r1_domestic_rolling_10y_bond_3x_vol\pure_512890\r1_domestic_rolling_10y_bond_3x_vol_pure_512890_oos_20260624_214842_372004\positions.csv,results\backtests\dividend_sleeve_512890_compare\20260624_214833\r1_domestic_rolling_10y_bond_3x_vol\pure_512890\r1_domestic_rolling_10y_bond_3x_vol_pure_512890_oos_20260624_214842_372004\orders.csv,results\backtests\dividend_sleeve_512890_compare\20260624_214833\r1_domestic_rolling_10y_bond_3x_vol\pure_512890\r1_domestic_rolling_10y_bond_3x_vol_pure_512890_oos_20260624_214842_372004\trades.csv,False,2023-12-14,2026-06-10,600,0.6382692124260161,0.23038722515155863,0.09892571217807668,-0.06326356787222831,2.3288912465632534,3699644.408028971,0.5749857117138011,3699644.408028971,1.369013599318574,0.5749857117138011,1075300.0,225813.0,49,72,49,23,"{'FILLED': 49, 'REJECTED': 23}","{'insufficient_cash_or_lot': 22, 'limit_down': 1}",0,4,0.059371367243779075,4,configs\r1_domestic_rolling_10y_bond_3x_vol.yaml,r1_domestic_rolling_10y_bond_3x_vol,pure_512890,2023-12-14,results\backtests\dividend_sleeve_512890_compare\20260624_214833\r1_domestic_rolling_10y_bond_3x_vol\pure_512890\r1_domestic_rolling_10y_bond_3x_vol_pure_512890_oos_20260624_214842_372004,['risk_parity'],,,,
results\backtests\dividend_sleeve_512890_compare\20260624_214833\r1_domestic_rolling_30y_bond_futures\pure_512890\r1_domestic_rolling_30y_bond_futures_pure_512890_oos_20260624_214842_761585,results\backtests\dividend_sleeve_512890_compare\20260624_214833\r1_domestic_rolling_30y_bond_futures\pure_512890\r1_domestic_rolling_30y_bond_futures_pure_512890_oos_20260624_214842_761585\nav.csv,results\backtests\dividend_sleeve_512890_compare\20260624_214833\r1_domestic_rolling_30y_bond_futures\pure_512890\r1_domestic_rolling_30y_bond_futures_pure_512890_oos_20260624_214842_761585\positions.csv,results\backtests\dividend_sleeve_512890_compare\20260624_214833\r1_domestic_rolling_30y_bond_futures\pure_512890\r1_domestic_rolling_30y_bond_futures_pure_512890_oos_20260624_214842_761585\orders.csv,results\backtests\dividend_sleeve_512890_compare\20260624_214833\r1_domestic_rolling_30y_bond_futures\pure_512890\r1_domestic_rolling_30y_bond_futures_pure_512890_oos_20260624_214842_761585\trades.csv,False,2023-12-14,2026-06-10,600,0.512109995084975,0.189665921813168,0.06967301741162163,-0.04836622345705377,2.722229190859348,2539883.510768814,0.4126575458768264,2539883.510768814,0.9825179663733962,0.4126575458768264,550500.0,115605.0,30,106,30,76,"{'REJECTED': 76, 'FILLED': 30}",{'insufficient_cash_or_lot': 76},0,4,0.05606899568809344,4,configs\r1_domestic_rolling_30y_bond_futures.yaml,r1_domestic_rolling_30y_bond_futures,pure_512890,2023-12-14,results\backtests\dividend_sleeve_512890_compare\20260624_214833\r1_domestic_rolling_30y_bond_futures\pure_512890\r1_domestic_rolling_30y_bond_futures_pure_512890_oos_20260624_214842_761585,['risk_parity'],,,,
results\backtests\dividend_sleeve_512890_compare\20260624_214833\r2_global_dividend_ewma_risk_parity_cvar_dynamic_budget\pure_512890\r2_global_dividend_ewma_risk_parity_cvar_dynamic_budget_pure_512890_oos_20260624_214843_075109,results\backtests\dividend_sleeve_512890_compare\20260624_214833\r2_global_dividend_ewma_risk_parity_cvar_dynamic_budget\pure_512890\r2_global_dividend_ewma_risk_parity_cvar_dynamic_budget_pure_512890_oos_20260624_214843_075109\nav.csv,results\backtests\dividend_sleeve_512890_compare\20260624_214833\r2_global_dividend_ewma_risk_parity_cvar_dynamic_budget\pure_512890\r2_global_dividend_ewma_risk_parity_cvar_dynamic_budget_pure_512890_oos_20260624_214843_075109\positions.csv,results\backtests\dividend_sleeve_512890_compare\20260624_214833\r2_global_dividend_ewma_risk_parity_cvar_dynamic_budget\pure_512890\r2_global_dividend_ewma_risk_parity_cvar_dynamic_budget_pure_512890_oos_20260624_214843_075109\orders.csv,results\backtests\dividend_sleeve_512890_compare\20260624_214833\r2_global_dividend_ewma_risk_parity_cvar_dynamic_budget\pure_512890\r2_global_dividend_ewma_risk_parity_cvar_dynamic_budget_pure_512890_oos_20260624_214843_075109\trades.csv,False,2023-12-14,2026-06-10,600,0.4699003657877323,0.17560362659862228,0.06572839213311518,-0.04572926229950347,2.671655595088715,3563162.6422761367,0.5874780998209338,3563162.6422761367,1.3987573805260327,0.5874780998209338,1104300.0,231903.0,49,190,49,141,"{'REJECTED': 141, 'FILLED': 49}",{'insufficient_cash_or_lot': 141},0,4,0.05522196460390358,4,configs\r2_global_dividend_ewma_risk_parity_cvar_dynamic_budget.yaml,r2_global_dividend_ewma_risk_parity_cvar_dynamic_budget,pure_512890,2023-12-14,results\backtests\dividend_sleeve_512890_compare\20260624_214833\r2_global_dividend_ewma_risk_parity_cvar_dynamic_budget\pure_512890\r2_global_dividend_ewma_risk_parity_cvar_dynamic_budget_pure_512890_oos_20260624_214843_075109,['risk_parity_cvar_dynamic_budget'],,,,
results\backtests\dividend_sleeve_512890_compare\20260624_214833\r2_global_ewma_risk_parity_cvar_dynamic_budget\pure_512890\r2_global_ewma_risk_parity_cvar_dynamic_budget_pure_512890_oos_20260624_214843_499478,results\backtests\dividend_sleeve_512890_compare\20260624_214833\r2_global_ewma_risk_parity_cvar_dynamic_budget\pure_512890\r2_global_ewma_risk_parity_cvar_dynamic_budget_pure_512890_oos_20260624_214843_499478\nav.csv,results\backtests\dividend_sleeve_512890_compare\20260624_214833\r2_global_ewma_risk_parity_cvar_dynamic_budget\pure_512890\r2_global_ewma_risk_parity_cvar_dynamic_budget_pure_512890_oos_20260624_214843_499478\positions.csv,results\backtests\dividend_sleeve_512890_compare\20260624_214833\r2_global_ewma_risk_parity_cvar_dynamic_budget\pure_512890\r2_global_ewma_risk_parity_cvar_dynamic_budget_pure_512890_oos_20260624_214843_499478\orders.csv,results\backtests\dividend_sleeve_512890_compare\20260624_214833\r2_global_ewma_risk_parity_cvar_dynamic_budget\pure_512890\r2_global_ewma_risk_parity_cvar_dynamic_budget_pure_512890_oos_20260624_214843_499478\trades.csv,False,2023-12-14,2026-06-10,600,0.5665484355561221,0.2074701614493233,0.07081695101750793,-0.040674676200012416,2.929668087489828,4242833.166911577,0.6730528125317023,4242833.166911577,1.6025066965040533,0.6730528125317023,1152800.0,242088.0,71,181,71,110,"{'REJECTED': 110, 'FILLED': 71}",{'insufficient_cash_or_lot': 110},0,5,0.059391561710463,5,configs\r2_global_ewma_risk_parity_cvar_dynamic_budget.yaml,r2_global_ewma_risk_parity_cvar_dynamic_budget,pure_512890,2023-12-14,results\backtests\dividend_sleeve_512890_compare\20260624_214833\r2_global_ewma_risk_parity_cvar_dynamic_budget\pure_512890\r2_global_ewma_risk_parity_cvar_dynamic_budget_pure_512890_oos_20260624_214843_499478,['risk_parity_cvar_dynamic_budget'],,,,
results\backtests\dividend_sleeve_512890_compare\20260624_214833\r3_global_nasdaq_all_weather_ewma_risk_parity_cvar_dynamic_budget\pure_512890\r3_global_nasdaq_all_weather_ewma_risk_parity_cvar_dynamic_budget_pure_512890_oos_20260624_214843_975790,results\backtests\dividend_sleeve_512890_compare\20260624_214833\r3_global_nasdaq_all_weather_ewma_risk_parity_cvar_dynamic_budget\pure_512890\r3_global_nasdaq_all_weather_ewma_risk_parity_cvar_dynamic_budget_pure_512890_oos_20260624_214843_975790\nav.csv,results\backtests\dividend_sleeve_512890_compare\20260624_214833\r3_global_nasdaq_all_weather_ewma_risk_parity_cvar_dynamic_budget\pure_512890\r3_global_nasdaq_all_weather_ewma_risk_parity_cvar_dynamic_budget_pure_512890_oos_20260624_214843_975790\positions.csv,results\backtests\dividend_sleeve_512890_compare\20260624_214833\r3_global_nasdaq_all_weather_ewma_risk_parity_cvar_dynamic_budget\pure_512890\r3_global_nasdaq_all_weather_ewma_risk_parity_cvar_dynamic_budget_pure_512890_oos_20260624_214843_975790\orders.csv,results\backtests\dividend_sleeve_512890_compare\20260624_214833\r3_global_nasdaq_all_weather_ewma_risk_parity_cvar_dynamic_budget\pure_512890\r3_global_nasdaq_all_weather_ewma_risk_parity_cvar_dynamic_budget_pure_512890_oos_20260624_214843_975790\trades.csv,False,2023-12-14,2026-06-10,600,0.4469899682497265,0.16787273210449816,0.0663393578295709,-0.04687600278737292,2.5305148798059145,3829354.9107936216,0.649074258343031,3829354.9107936216,1.5454149008167404,0.649074258343031,1222900.0,256809.0,87,316,87,229,"{'REJECTED': 229, 'FILLED': 87}",{'insufficient_cash_or_lot': 229},7,7,0.05544980781814844,7,configs\r3_global_nasdaq_all_weather_ewma_risk_parity_cvar_dynamic_budget.yaml,r3_global_nasdaq_all_weather_ewma_risk_parity_cvar_dynamic_budget,pure_512890,2023-12-14,results\backtests\dividend_sleeve_512890_compare\20260624_214833\r3_global_nasdaq_all_weather_ewma_risk_parity_cvar_dynamic_budget\pure_512890\r3_global_nasdaq_all_weather_ewma_risk_parity_cvar_dynamic_budget_pure_512890_oos_20260624_214843_975790,['risk_parity_cvar_dynamic_budget'],,,,
results\backtests\dividend_sleeve_512890_compare\20260624_214833\us_blend_ewma_risk_parity_cvar_dynamic_budget\pure_512890\us_blend_ewma_risk_parity_cvar_dynamic_budget_pure_512890_oos_20260624_214844_601616,results\backtests\dividend_sleeve_512890_compare\20260624_214833\us_blend_ewma_risk_parity_cvar_dynamic_budget\pure_512890\us_blend_ewma_risk_parity_cvar_dynamic_budget_pure_512890_oos_20260624_214844_601616\nav.csv,results\backtests\dividend_sleeve_512890_compare\20260624_214833\us_blend_ewma_risk_parity_cvar_dynamic_budget\pure_512890\us_blend_ewma_risk_parity_cvar_dynamic_budget_pure_512890_oos_20260624_214844_601616\positions.csv,results\backtests\dividend_sleeve_512890_compare\20260624_214833\us_blend_ewma_risk_parity_cvar_dynamic_budget\pure_512890\us_blend_ewma_risk_parity_cvar_dynamic_budget_pure_512890_oos_20260624_214844_601616\orders.csv,results\backtests\dividend_sleeve_512890_compare\20260624_214833\us_blend_ewma_risk_parity_cvar_dynamic_budget\pure_512890\us_blend_ewma_risk_parity_cvar_dynamic_budget_pure_512890_oos_20260624_214844_601616\trades.csv,False,2023-12-14,2026-06-10,600,0.49638785505360805,0.18445496672280948,0.06713387281033421,-0.046396166263562244,2.747569282110826,5022873.7619800195,0.8240824261072177,5022873.7619800195,1.9621010145409945,0.8240824261072177,1475600.0,309876.0,149,235,149,86,"{'FILLED': 149, 'REJECTED': 86}",{'insufficient_cash_or_lot': 86},0,6,0.059644166049826995,6,configs\us_blend_ewma_risk_parity_cvar_dynamic_budget.yaml,us_blend_ewma_risk_parity_cvar_dynamic_budget,pure_512890,2023-12-14,results\backtests\dividend_sleeve_512890_compare\20260624_214833\us_blend_ewma_risk_parity_cvar_dynamic_budget\pure_512890\us_blend_ewma_risk_parity_cvar_dynamic_budget_pure_512890_oos_20260624_214844_601616,['risk_parity_cvar_dynamic_budget'],,,,
results\backtests\dividend_sleeve_oos_matrix\20260624_213021\baseline_r1_domestic_ewma\single_515080\baseline_r1_domestic_ewma_single_515080_oos_20260624_213021_659437,results\backtests\dividend_sleeve_oos_matrix\20260624_213021\baseline_r1_domestic_ewma\single_515080\baseline_r1_domestic_ewma_single_515080_oos_20260624_213021_659437\nav.csv,results\backtests\dividend_sleeve_oos_matrix\20260624_213021\baseline_r1_domestic_ewma\single_515080\baseline_r1_domestic_ewma_single_515080_oos_20260624_213021_659437\positions.csv,results\backtests\dividend_sleeve_oos_matrix\20260624_213021\baseline_r1_domestic_ewma\single_515080\baseline_r1_domestic_ewma_single_515080_oos_20260624_213021_659437\orders.csv,results\backtests\dividend_sleeve_oos_matrix\20260624_213021\baseline_r1_domestic_ewma\single_515080\baseline_r1_domestic_ewma_single_515080_oos_20260624_213021_659437\trades.csv,False,2023-12-14,2026-06-10,600,0.5832937008153392,0.2128743824007644,0.0801277748320492,-0.04183401324508,2.65668655902347,4787194.520260644,0.759419065760268,4787194.520260644,1.8081406327625429,0.759419065760268,1065000.0,223650.0,59,227,59,168,"{'REJECTED': 168, 'FILLED': 59}","{'insufficient_cash_or_lot': 167, 'limit_down': 1}",0,4,0.0560906245271729,4,configs\baseline_r1_domestic_ewma.yaml,baseline_r1_domestic_ewma,single_515080,2023-12-14,results\backtests\dividend_sleeve_oos_matrix\20260624_213021\baseline_r1_domestic_ewma\single_515080\baseline_r1_domestic_ewma_single_515080_oos_20260624_213021_659437,['risk_parity_ewma'],baseline_r1_domestic_ewma,['CN_ETF:515080.SH'],2019-02-28,2026-06-10
results\backtests\dividend_sleeve_oos_matrix\20260624_213021\baseline_r1_domestic_ewma\single_563020\baseline_r1_domestic_ewma_single_563020_oos_20260624_213022_035398,results\backtests\dividend_sleeve_oos_matrix\20260624_213021\baseline_r1_domestic_ewma\single_563020\baseline_r1_domestic_ewma_single_563020_oos_20260624_213022_035398\nav.csv,results\backtests\dividend_sleeve_oos_matrix\20260624_213021\baseline_r1_domestic_ewma\single_563020\baseline_r1_domestic_ewma_single_563020_oos_20260624_213022_035398\positions.csv,results\backtests\dividend_sleeve_oos_matrix\20260624_213021\baseline_r1_domestic_ewma\single_563020\baseline_r1_domestic_ewma_single_563020_oos_20260624_213022_035398\orders.csv,results\backtests\dividend_sleeve_oos_matrix\20260624_213021\baseline_r1_domestic_ewma\single_563020\baseline_r1_domestic_ewma_single_563020_oos_20260624_213022_035398\trades.csv,False,2023-12-14,2026-06-10,600,0.5542625620184345,0.2034837820917765,0.0765881018605313,-0.0400807566635552,2.656858926499121,4633722.210729591,0.738199312677018,4633722.210729591,1.7576174111357572,0.738199312677018,1046900.0,219849.0,62,266,62,204,"{'REJECTED': 204, 'FILLED': 62}","{'insufficient_cash_or_lot': 203, 'limit_down': 1}",0,4,0.0553404837829279,4,configs\baseline_r1_domestic_ewma.yaml,baseline_r1_domestic_ewma,single_563020,2023-12-14,results\backtests\dividend_sleeve_oos_matrix\20260624_213021\baseline_r1_domestic_ewma\single_563020\baseline_r1_domestic_ewma_single_563020_oos_20260624_213022_035398,['risk_parity_ewma'],baseline_r1_domestic_ewma,['CN_ETF:563020.SH'],2019-02-28,2026-06-10
results\backtests\dividend_sleeve_oos_matrix\20260624_213021\baseline_r1_domestic_low_vol_ewma\single_515080\baseline_r1_domestic_low_vol_ewma_single_515080_oos_20260624_213022_852392,results\backtests\dividend_sleeve_oos_matrix\20260624_213021\baseline_r1_domestic_low_vol_ewma\single_515080\baseline_r1_domestic_low_vol_ewma_single_515080_oos_20260624_213022_852392\nav.csv,results\backtests\dividend_sleeve_oos_matrix\20260624_213021\baseline_r1_domestic_low_vol_ewma\single_515080\baseline_r1_domestic_low_vol_ewma_single_515080_oos_20260624_213022_852392\positions.csv,results\backtests\dividend_sleeve_oos_matrix\20260624_213021\baseline_r1_domestic_low_vol_ewma\single_515080\baseline_r1_domestic_low_vol_ewma_single_515080_oos_20260624_213022_852392\orders.csv,results\backtests\dividend_sleeve_oos_matrix\20260624_213021\baseline_r1_domestic_low_vol_ewma\single_515080\baseline_r1_domestic_low_vol_ewma_single_515080_oos_20260624_213022_852392\trades.csv,False,2023-12-14,2026-06-10,600,0.5121285400457809,0.1896720497644337,0.071973078392343,-0.0391841755545929,2.635319399991264,5052946.739618572,0.8167822223089892,5052946.739618572,1.944719576926165,0.8167822223089892,1211100.0,254331.0,54,141,54,87,"{'REJECTED': 87, 'FILLED': 54}","{'insufficient_cash_or_lot': 86, 'limit_down': 1}",1,3,0.058614199406152,3,configs\baseline_r1_domestic_low_vol_ewma.yaml,baseline_r1_domestic_low_vol_ewma,single_515080,2023-12-14,results\backtests\dividend_sleeve_oos_matrix\20260624_213021\baseline_r1_domestic_low_vol_ewma\single_515080\baseline_r1_domestic_low_vol_ewma_single_515080_oos_20260624_213022_852392,['risk_parity_ewma'],baseline_r1_domestic_low_vol_ewma,['CN_ETF:515080.SH'],2019-02-28,2026-06-10
results\backtests\dividend_sleeve_oos_matrix\20260624_213021\baseline_r1_domestic_low_vol_ewma\single_563020\baseline_r1_domestic_low_vol_ewma_single_563020_oos_20260624_213023_156656,results\backtests\dividend_sleeve_oos_matrix\20260624_213021\baseline_r1_domestic_low_vol_ewma\single_563020\baseline_r1_domestic_low_vol_ewma_single_563020_oos_20260624_213023_156656\nav.csv,results\backtests\dividend_sleeve_oos_matrix\20260624_213021\baseline_r1_domestic_low_vol_ewma\single_563020\baseline_r1_domestic_low_vol_ewma_single_563020_oos_20260624_213023_156656\positions.csv,results\backtests\dividend_sleeve_oos_matrix\20260624_213021\baseline_r1_domestic_low_vol_ewma\single_563020\baseline_r1_domestic_low_vol_ewma_single_563020_oos_20260624_213023_156656\orders.csv,results\backtests\dividend_sleeve_oos_matrix\20260624_213021\baseline_r1_domestic_low_vol_ewma\single_563020\baseline_r1_domestic_low_vol_ewma_single_563020_oos_20260624_213023_156656\trades.csv,False,2023-12-14,2026-06-10,600,0.4851783578148141,0.1807202645532768,0.070163518831809,-0.0349136771805266,2.575701269864848,4645646.140778419,0.7564179634876579,4645646.140778419,1.8009951511610902,0.7564179634876579,1248100.0,262101.0,52,197,52,145,"{'REJECTED': 145, 'FILLED': 52}","{'insufficient_cash_or_lot': 144, 'limit_down': 1}",0,3,0.0574665529137938,3,configs\baseline_r1_domestic_low_vol_ewma.yaml,baseline_r1_domestic_low_vol_ewma,single_563020,2023-12-14,results\backtests\dividend_sleeve_oos_matrix\20260624_213021\baseline_r1_domestic_low_vol_ewma\single_563020\baseline_r1_domestic_low_vol_ewma_single_563020_oos_20260624_213023_156656,['risk_parity_ewma'],baseline_r1_domestic_low_vol_ewma,['CN_ETF:563020.SH'],2019-02-28,2026-06-10
results\backtests\dividend_sleeve_oos_matrix\20260624_213021\baseline_r1_domestic_rolling\single_515080\baseline_r1_domestic_rolling_single_515080_oos_20260624_213023_862074,results\backtests\dividend_sleeve_oos_matrix\20260624_213021\baseline_r1_domestic_rolling\single_515080\baseline_r1_domestic_rolling_single_515080_oos_20260624_213023_862074\nav.csv,results\backtests\dividend_sleeve_oos_matrix\20260624_213021\baseline_r1_domestic_rolling\single_515080\baseline_r1_domestic_rolling_single_515080_oos_20260624_213023_862074\positions.csv,results\backtests\dividend_sleeve_oos_matrix\20260624_213021\baseline_r1_domestic_rolling\single_515080\baseline_r1_domestic_rolling_single_515080_oos_20260624_213023_862074\orders.csv,results\backtests\dividend_sleeve_oos_matrix\20260624_213021\baseline_r1_domestic_rolling\single_515080\baseline_r1_domestic_rolling_single_515080_oos_20260624_213023_862074\trades.csv,False,2023-12-14,2026-06-10,600,0.4983654148276983,0.1851121506427624,0.0698140597358973,-0.052114320015118,2.6515024529877125,2634413.4022943093,0.4313268653711757,2634413.4022943093,1.026968727074228,0.4313268653711757,517800.0,108738.0,30,54,30,24,"{'FILLED': 30, 'REJECTED': 24}",{'insufficient_cash_or_lot': 24},0,4,0.059057107421582,4,configs\baseline_r1_domestic_rolling.yaml,baseline_r1_domestic_rolling,single_515080,2023-12-14,results\backtests\dividend_sleeve_oos_matrix\20260624_213021\baseline_r1_domestic_rolling\single_515080\baseline_r1_domestic_rolling_single_515080_oos_20260624_213023_862074,['risk_parity'],baseline_r1_domestic_rolling,['CN_ETF:515080.SH'],2019-02-28,2026-06-10
results\backtests\dividend_sleeve_oos_matrix\20260624_213021\baseline_r1_domestic_rolling\single_563020\baseline_r1_domestic_rolling_single_563020_oos_20260624_213024_181700,results\backtests\dividend_sleeve_oos_matrix\20260624_213021\baseline_r1_domestic_rolling\single_563020\baseline_r1_domestic_rolling_single_563020_oos_20260624_213024_181700\nav.csv,results\backtests\dividend_sleeve_oos_matrix\20260624_213021\baseline_r1_domestic_rolling\single_563020\baseline_r1_domestic_rolling_single_563020_oos_20260624_213024_181700\positions.csv,results\backtests\dividend_sleeve_oos_matrix\20260624_213021\baseline_r1_domestic_rolling\single_563020\baseline_r1_domestic_rolling_single_563020_oos_20260624_213024_181700\orders.csv,results\backtests\dividend_sleeve_oos_matrix\20260624_213021\baseline_r1_domestic_rolling\single_563020\baseline_r1_domestic_rolling_single_563020_oos_20260624_213024_181700\trades.csv,False,2023-12-14,2026-06-10,600,0.4948359778096409,0.1839388930535237,0.0702770874947258,-0.049494938747671,2.61733802026625,2647180.3420635783,0.4326606509097291,2647180.3420635783,1.0301444069279264,0.4326606509097291,615400.0,129234.0,35,38,35,3,"{'FILLED': 35, 'REJECTED': 3}",{'insufficient_cash_or_lot': 3},0,4,0.0584055734632471,4,configs\baseline_r1_domestic_rolling.yaml,baseline_r1_domestic_rolling,single_563020,2023-12-14,results\backtests\dividend_sleeve_oos_matrix\20260624_213021\baseline_r1_domestic_rolling\single_563020\baseline_r1_domestic_rolling_single_563020_oos_20260624_213024_181700,['risk_parity'],baseline_r1_domestic_rolling,['CN_ETF:563020.SH'],2019-02-28,2026-06-10
results\backtests\dividend_sleeve_oos_matrix\20260624_213021\baseline_r2_global_dividend_ewma\single_515080\baseline_r2_global_dividend_ewma_single_515080_oos_20260624_213024_858475,results\backtests\dividend_sleeve_oos_matrix\20260624_213021\baseline_r2_global_dividend_ewma\single_515080\baseline_r2_global_dividend_ewma_single_515080_oos_20260624_213024_858475\nav.csv,results\backtests\dividend_sleeve_oos_matrix\20260624_213021\baseline_r2_global_dividend_ewma\single_515080\baseline_r2_global_dividend_ewma_single_515080_oos_20260624_213024_858475\positions.csv,results\backtests\dividend_sleeve_oos_matrix\20260624_213021\baseline_r2_global_dividend_ewma\single_515080\baseline_r2_global_dividend_ewma_single_515080_oos_20260624_213024_858475\orders.csv,results\backtests\dividend_sleeve_oos_matrix\20260624_213021\baseline_r2_global_dividend_ewma\single_515080\baseline_r2_global_dividend_ewma_single_515080_oos_20260624_213024_858475\trades.csv,False,2023-12-14,2026-06-10,600,0.4386461542395128,0.1650395678806617,0.0700373809793373,-0.0488342085463981,2.35644973545416,6170796.1903522825,1.0380626198555951,6170796.1903522825,2.4715776663228453,1.0380626198555951,1694500.0,355845.0,153,331,153,178,"{'REJECTED': 178, 'FILLED': 153}",{'insufficient_cash_or_lot': 178},1,4,0.0571897715223275,4,configs\baseline_r2_global_dividend_ewma.yaml,baseline_r2_global_dividend_ewma,single_515080,2023-12-14,results\backtests\dividend_sleeve_oos_matrix\20260624_213021\baseline_r2_global_dividend_ewma\single_515080\baseline_r2_global_dividend_ewma_single_515080_oos_20260624_213024_858475,['risk_parity_lw_cov'],baseline_r2_global_dividend_ewma,['CN_ETF:515080.SH'],2019-02-28,2026-06-10
results\backtests\dividend_sleeve_oos_matrix\20260624_213021\baseline_r2_global_dividend_ewma\single_563020\baseline_r2_global_dividend_ewma_single_563020_oos_20260624_213027_159919,results\backtests\dividend_sleeve_oos_matrix\20260624_213021\baseline_r2_global_dividend_ewma\single_563020\baseline_r2_global_dividend_ewma_single_563020_oos_20260624_213027_159919\nav.csv,results\backtests\dividend_sleeve_oos_matrix\20260624_213021\baseline_r2_global_dividend_ewma\single_563020\baseline_r2_global_dividend_ewma_single_563020_oos_20260624_213027_159919\positions.csv,results\backtests\dividend_sleeve_oos_matrix\20260624_213021\baseline_r2_global_dividend_ewma\single_563020\baseline_r2_global_dividend_ewma_single_563020_oos_20260624_213027_159919\orders.csv,results\backtests\dividend_sleeve_oos_matrix\20260624_213021\baseline_r2_global_dividend_ewma\single_563020\baseline_r2_global_dividend_ewma_single_563020_oos_20260624_213027_159919\trades.csv,False,2023-12-14,2026-06-10,600,0.4725092893748339,0.1764795382024582,0.0699797339959164,-0.0466523998350965,2.5218663765249003,5690281.054877106,0.9385694355306832,5690281.054877106,2.234689132215912,0.9385694355306832,1804100.0,378861.0,137,278,137,141,"{'REJECTED': 141, 'FILLED': 137}","{'insufficient_cash_or_lot': 140, 'limit_up': 1}",0,4,0.0573537590426762,4,configs\baseline_r2_global_dividend_ewma.yaml,baseline_r2_global_dividend_ewma,single_563020,2023-12-14,results\backtests\dividend_sleeve_oos_matrix\20260624_213021\baseline_r2_global_dividend_ewma\single_563020\baseline_r2_global_dividend_ewma_single_563020_oos_20260624_213027_159919,['risk_parity_lw_cov'],baseline_r2_global_dividend_ewma,['CN_ETF:563020.SH'],2019-02-28,2026-06-10
results\backtests\dividend_sleeve_oos_matrix\20260624_213021\baseline_r2_global_ewma\single_515080\baseline_r2_global_ewma_single_515080_oos_20260624_213031_571050,results\backtests\dividend_sleeve_oos_matrix\20260624_213021\baseline_r2_global_ewma\single_515080\baseline_r2_global_ewma_single_515080_oos_20260624_213031_571050\nav.csv,results\backtests\dividend_sleeve_oos_matrix\20260624_213021\baseline_r2_global_ewma\single_515080\baseline_r2_global_ewma_single_515080_oos_20260624_213031_571050\positions.csv,results\backtests\dividend_sleeve_oos_matrix\20260624_213021\baseline_r2_global_ewma\single_515080\baseline_r2_global_ewma_single_515080_oos_20260624_213031_571050\orders.csv,results\backtests\dividend_sleeve_oos_matrix\20260624_213021\baseline_r2_global_ewma\single_515080\baseline_r2_global_ewma_single_515080_oos_20260624_213031_571050\trades.csv,False,2023-12-14,2026-06-10,600,0.4969905662851335,0.1846553134413271,0.0724051991380759,-0.0526117110213851,2.5503046140262877,6121668.023243461,1.007973467958676,6121668.023243461,2.399936828473038,1.007973467958676,1638600.0,344106.0,167,343,167,176,"{'REJECTED': 176, 'FILLED': 167}","{'insufficient_cash_or_lot': 175, 'limit_down': 1}",1,5,0.0562807710203282,5,configs\baseline_r2_global_ewma.yaml,baseline_r2_global_ewma,single_515080,2023-12-14,results\backtests\dividend_sleeve_oos_matrix\20260624_213021\baseline_r2_global_ewma\single_515080\baseline_r2_global_ewma_single_515080_oos_20260624_213031_571050,['risk_parity_lw_cov'],baseline_r2_global_ewma,['CN_ETF:515080.SH'],2019-02-28,2026-06-10
results\backtests\dividend_sleeve_oos_matrix\20260624_213021\baseline_r2_global_ewma\single_563020\baseline_r2_global_ewma_single_563020_oos_20260624_213033_844687,results\backtests\dividend_sleeve_oos_matrix\20260624_213021\baseline_r2_global_ewma\single_563020\baseline_r2_global_ewma_single_563020_oos_20260624_213033_844687\nav.csv,results\backtests\dividend_sleeve_oos_matrix\20260624_213021\baseline_r2_global_ewma\single_563020\baseline_r2_global_ewma_single_563020_oos_20260624_213033_844687\positions.csv,results\backtests\dividend_sleeve_oos_matrix\20260624_213021\baseline_r2_global_ewma\single_563020\baseline_r2_global_ewma_single_563020_oos_20260624_213033_844687\orders.csv,results\backtests\dividend_sleeve_oos_matrix\20260624_213021\baseline_r2_global_ewma\single_563020\baseline_r2_global_ewma_single_563020_oos_20260624_213033_844687\trades.csv,False,2023-12-14,2026-06-10,600,0.5055658973464232,0.1875007783770739,0.0713726826354238,-0.0501001433575486,2.6270664272889905,5609453.671076288,0.9201556641336488,5609453.671076288,2.1908468193658304,0.9201556641336488,1625000.0,341250.0,149,320,149,171,"{'REJECTED': 171, 'FILLED': 149}",{'insufficient_cash_or_lot': 171},0,5,0.0564806686446031,5,configs\baseline_r2_global_ewma.yaml,baseline_r2_global_ewma,single_563020,2023-12-14,results\backtests\dividend_sleeve_oos_matrix\20260624_213021\baseline_r2_global_ewma\single_563020\baseline_r2_global_ewma_single_563020_oos_20260624_213033_844687,['risk_parity_lw_cov'],baseline_r2_global_ewma,['CN_ETF:563020.SH'],2019-02-28,2026-06-10
results\backtests\dividend_sleeve_oos_matrix\20260624_213021\baseline_r3_global_nasdaq_all_weather_ewma\single_515080\baseline_r3_global_nasdaq_all_weather_ewma_single_515080_oos_20260624_213038_771064,results\backtests\dividend_sleeve_oos_matrix\20260624_213021\baseline_r3_global_nasdaq_all_weather_ewma\single_515080\baseline_r3_global_nasdaq_all_weather_ewma_single_515080_oos_20260624_213038_771064\nav.csv,results\backtests\dividend_sleeve_oos_matrix\20260624_213021\baseline_r3_global_nasdaq_all_weather_ewma\single_515080\baseline_r3_global_nasdaq_all_weather_ewma_single_515080_oos_20260624_213038_771064\positions.csv,results\backtests\dividend_sleeve_oos_matrix\20260624_213021\baseline_r3_global_nasdaq_all_weather_ewma\single_515080\baseline_r3_global_nasdaq_all_weather_ewma_single_515080_oos_20260624_213038_771064\orders.csv,results\backtests\dividend_sleeve_oos_matrix\20260624_213021\baseline_r3_global_nasdaq_all_weather_ewma\single_515080\baseline_r3_global_nasdaq_all_weather_ewma_single_515080_oos_20260624_213038_771064\trades.csv,False,2023-12-14,2026-06-10,600,0.4797109062538016,0.1788927243458236,0.0732573521170578,-0.0562094872885605,2.4419763911200483,5520220.480358622,0.942008918422626,5520220.480358622,2.2428783771967287,0.942008918422626,1908500.0,400785.0,120,307,120,187,"{'REJECTED': 187, 'FILLED': 120}",{'insufficient_cash_or_lot': 187},7,7,0.0550586873824749,7,configs\baseline_r3_global_nasdaq_all_weather_ewma.yaml,baseline_r3_global_nasdaq_all_weather_ewma,single_515080,2023-12-14,results\backtests\dividend_sleeve_oos_matrix\20260624_213021\baseline_r3_global_nasdaq_all_weather_ewma\single_515080\baseline_r3_global_nasdaq_all_weather_ewma_single_515080_oos_20260624_213038_771064,['risk_parity_lw_cov'],baseline_r3_global_nasdaq_all_weather_ewma,['CN_ETF:515080.SH'],2022-05-31,2026-06-10
results\backtests\dividend_sleeve_oos_matrix\20260624_213021\baseline_r3_global_nasdaq_all_weather_ewma\single_563020\baseline_r3_global_nasdaq_all_weather_ewma_single_563020_oos_20260624_213039_345199,results\backtests\dividend_sleeve_oos_matrix\20260624_213021\baseline_r3_global_nasdaq_all_weather_ewma\single_563020\baseline_r3_global_nasdaq_all_weather_ewma_single_563020_oos_20260624_213039_345199\nav.csv,results\backtests\dividend_sleeve_oos_matrix\20260624_213021\baseline_r3_global_nasdaq_all_weather_ewma\single_563020\baseline_r3_global_nasdaq_all_weather_ewma_single_563020_oos_20260624_213039_345199\positions.csv,results\backtests\dividend_sleeve_oos_matrix\20260624_213021\baseline_r3_global_nasdaq_all_weather_ewma\single_563020\baseline_r3_global_nasdaq_all_weather_ewma_single_563020_oos_20260624_213039_345199\orders.csv,results\backtests\dividend_sleeve_oos_matrix\20260624_213021\baseline_r3_global_nasdaq_all_weather_ewma\single_563020\baseline_r3_global_nasdaq_all_weather_ewma_single_563020_oos_20260624_213039_345199\trades.csv,False,2023-12-14,2026-06-10,600,0.4671342102532185,0.1746739410328583,0.0708372694716708,-0.054930854270013,2.465848025137582,5101178.128013928,0.8707330137552636,5101178.128013928,2.073173842274437,0.8707330137552636,1867900.0,392259.0,109,317,109,208,"{'REJECTED': 208, 'FILLED': 109}",{'insufficient_cash_or_lot': 208},7,7,0.0557264084184859,7,configs\baseline_r3_global_nasdaq_all_weather_ewma.yaml,baseline_r3_global_nasdaq_all_weather_ewma,single_563020,2023-12-14,results\backtests\dividend_sleeve_oos_matrix\20260624_213021\baseline_r3_global_nasdaq_all_weather_ewma\single_563020\baseline_r3_global_nasdaq_all_weather_ewma_single_563020_oos_20260624_213039_345199,['risk_parity_lw_cov'],baseline_r3_global_nasdaq_all_weather_ewma,['CN_ETF:563020.SH'],2022-05-31,2026-06-10
results\backtests\dividend_sleeve_oos_matrix\20260624_213021\baseline_us_blend_ewma\single_515080\baseline_us_blend_ewma_single_515080_oos_20260624_213040_529082,results\backtests\dividend_sleeve_oos_matrix\20260624_213021\baseline_us_blend_ewma\single_515080\baseline_us_blend_ewma_single_515080_oos_20260624_213040_529082\nav.csv,results\backtests\dividend_sleeve_oos_matrix\20260624_213021\baseline_us_blend_ewma\single_515080\baseline_us_blend_ewma_single_515080_oos_20260624_213040_529082\positions.csv,results\backtests\dividend_sleeve_oos_matrix\20260624_213021\baseline_us_blend_ewma\single_515080\baseline_us_blend_ewma_single_515080_oos_20260624_213040_529082\orders.csv,results\backtests\dividend_sleeve_oos_matrix\20260624_213021\baseline_us_blend_ewma\single_515080\baseline_us_blend_ewma_single_515080_oos_20260624_213040_529082\trades.csv,False,2023-12-14,2026-06-10,600,0.5333134194522822,0.1966440710466954,0.0763855884618354,-0.0572658295909177,2.5743608841207632,5235340.6472856505,0.8609218529553896,5235340.6472856505,2.0498139356080705,0.8609218529553896,1304800.0,274008.0,103,239,103,136,"{'REJECTED': 136, 'FILLED': 103}",{'insufficient_cash_or_lot': 136},0,6,0.0590569329628705,6,configs\baseline_us_blend_ewma.yaml,baseline_us_blend_ewma,single_515080,2023-12-14,results\backtests\dividend_sleeve_oos_matrix\20260624_213021\baseline_us_blend_ewma\single_515080\baseline_us_blend_ewma_single_515080_oos_20260624_213040_529082,['risk_parity_lw_cov'],baseline_us_blend_ewma,['CN_ETF:515080.SH'],2019-02-28,2026-06-10
results\backtests\dividend_sleeve_oos_matrix\20260624_213021\baseline_us_blend_ewma\single_563020\baseline_us_blend_ewma_single_563020_oos_20260624_213041_050434,results\backtests\dividend_sleeve_oos_matrix\20260624_213021\baseline_us_blend_ewma\single_563020\baseline_us_blend_ewma_single_563020_oos_20260624_213041_050434\nav.csv,results\backtests\dividend_sleeve_oos_matrix\20260624_213021\baseline_us_blend_ewma\single_563020\baseline_us_blend_ewma_single_563020_oos_20260624_213041_050434\positions.csv,results\backtests\dividend_sleeve_oos_matrix\20260624_213021\baseline_us_blend_ewma\single_563020\baseline_us_blend_ewma_single_563020_oos_20260624_213041_050434\orders.csv,results\backtests\dividend_sleeve_oos_matrix\20260624_213021\baseline_us_blend_ewma\single_563020\baseline_us_blend_ewma_single_563020_oos_20260624_213041_050434\trades.csv,False,2023-12-14,2026-06-10,600,0.5719159682384449,0.2092060650307106,0.0768292391846451,-0.0552850655428864,2.723000608243974,5753982.105920294,0.9264612406102656,5753982.105920294,2.205860096691109,0.9264612406102656,1596400.0,335244.0,99,241,99,142,"{'REJECTED': 142, 'FILLED': 99}",{'insufficient_cash_or_lot': 142},0,6,0.0590013934873571,6,configs\baseline_us_blend_ewma.yaml,baseline_us_blend_ewma,single_563020,2023-12-14,results\backtests\dividend_sleeve_oos_matrix\20260624_213021\baseline_us_blend_ewma\single_563020\baseline_us_blend_ewma_single_563020_oos_20260624_213041_050434,['risk_parity_lw_cov'],baseline_us_blend_ewma,['CN_ETF:563020.SH'],2019-02-28,2026-06-10
results\backtests\dividend_sleeve_oos_matrix\20260624_213021\demo_r1_domestic_ewma_cov\single_515080\demo_r1_domestic_ewma_cov_single_515080_oos_20260624_213042_119322,results\backtests\dividend_sleeve_oos_matrix\20260624_213021\demo_r1_domestic_ewma_cov\single_515080\demo_r1_domestic_ewma_cov_single_515080_oos_20260624_213042_119322\nav.csv,results\backtests\dividend_sleeve_oos_matrix\20260624_213021\demo_r1_domestic_ewma_cov\single_515080\demo_r1_domestic_ewma_cov_single_515080_oos_20260624_213042_119322\positions.csv,results\backtests\dividend_sleeve_oos_matrix\20260624_213021\demo_r1_domestic_ewma_cov\single_515080\demo_r1_domestic_ewma_cov_single_515080_oos_20260624_213042_119322\orders.csv,results\backtests\dividend_sleeve_oos_matrix\20260624_213021\demo_r1_domestic_ewma_cov\single_515080\demo_r1_domestic_ewma_cov_single_515080_oos_20260624_213042_119322\trades.csv,False,2023-12-14,2026-06-18,606,0.2454788758642681,0.0955818413913356,0.0385376297915265,-0.030983895593513,2.4802210698581098,2143160.98986,0.3903858562735185,2143160.98986,0.9387850353244136,0.3903858562735185,301300.0,62646.53465346535,25,83,25,58,"{'REJECTED': 58, 'FILLED': 25}",{'insufficient_cash_or_lot': 58},0,4,0.0587606503123519,4,configs\demo_r1_domestic_ewma_cov.yaml,demo_r1_domestic_ewma_cov,single_515080,2023-12-14,results\backtests\dividend_sleeve_oos_matrix\20260624_213021\demo_r1_domestic_ewma_cov\single_515080\demo_r1_domestic_ewma_cov_single_515080_oos_20260624_213042_119322,['risk_parity_ewma_cov'],demo_r1_domestic_ewma_cov,['CN_ETF:515080.SH'],2019-02-28,2026-06-18
results\backtests\dividend_sleeve_oos_matrix\20260624_213021\demo_r1_domestic_ewma_cov\single_563020\demo_r1_domestic_ewma_cov_single_563020_oos_20260624_213042_436899,results\backtests\dividend_sleeve_oos_matrix\20260624_213021\demo_r1_domestic_ewma_cov\single_563020\demo_r1_domestic_ewma_cov_single_563020_oos_20260624_213042_436899\nav.csv,results\backtests\dividend_sleeve_oos_matrix\20260624_213021\demo_r1_domestic_ewma_cov\single_563020\demo_r1_domestic_ewma_cov_single_563020_oos_20260624_213042_436899\positions.csv,results\backtests\dividend_sleeve_oos_matrix\20260624_213021\demo_r1_domestic_ewma_cov\single_563020\demo_r1_domestic_ewma_cov_single_563020_oos_20260624_213042_436899\orders.csv,results\backtests\dividend_sleeve_oos_matrix\20260624_213021\demo_r1_domestic_ewma_cov\single_563020\demo_r1_domestic_ewma_cov_single_563020_oos_20260624_213042_436899\trades.csv,False,2023-12-14,2026-06-18,606,0.246960423462488,0.0961235941881704,0.0382817881528663,-0.0308684616601253,2.5109483863274824,2105625.358,0.3825954446891653,2105625.358,0.920050950323945,0.3825954446891653,316000.0,65702.97029702971,27,83,27,56,"{'REJECTED': 56, 'FILLED': 27}",{'insufficient_cash_or_lot': 56},0,4,0.0572080012238759,4,configs\demo_r1_domestic_ewma_cov.yaml,demo_r1_domestic_ewma_cov,single_563020,2023-12-14,results\backtests\dividend_sleeve_oos_matrix\20260624_213021\demo_r1_domestic_ewma_cov\single_563020\demo_r1_domestic_ewma_cov_single_563020_oos_20260624_213042_436899,['risk_parity_ewma_cov'],demo_r1_domestic_ewma_cov,['CN_ETF:563020.SH'],2019-02-28,2026-06-18
results\backtests\dividend_sleeve_oos_matrix\20260624_213021\r1_domestic_ewma_10y_bond_3x_vol\single_515080\r1_domestic_ewma_10y_bond_3x_vol_single_515080_oos_20260624_213043_121665,results\backtests\dividend_sleeve_oos_matrix\20260624_213021\r1_domestic_ewma_10y_bond_3x_vol\single_515080\r1_domestic_ewma_10y_bond_3x_vol_single_515080_oos_20260624_213043_121665\nav.csv,results\backtests\dividend_sleeve_oos_matrix\20260624_213021\r1_domestic_ewma_10y_bond_3x_vol\single_515080\r1_domestic_ewma_10y_bond_3x_vol_single_515080_oos_20260624_213043_121665\positions.csv,results\backtests\dividend_sleeve_oos_matrix\20260624_213021\r1_domestic_ewma_10y_bond_3x_vol\single_515080\r1_domestic_ewma_10y_bond_3x_vol_single_515080_oos_20260624_213043_121665\orders.csv,results\backtests\dividend_sleeve_oos_matrix\20260624_213021\r1_domestic_ewma_10y_bond_3x_vol\single_515080\r1_domestic_ewma_10y_bond_3x_vol_single_515080_oos_20260624_213043_121665\trades.csv,False,2023-12-14,2026-06-10,600,0.6191769859880141,0.2243444457895698,0.10605264180182,-0.0736099486571733,2.115406480951233,5459346.130068544,0.8565475331098726,5459346.130068544,2.0393988883568395,0.8565475331098726,1446200.0,303702.0,57,148,57,91,"{'REJECTED': 91, 'FILLED': 57}","{'insufficient_cash_or_lot': 90, 'limit_down': 1}",1,4,0.0577488065821073,4,configs\r1_domestic_ewma_10y_bond_3x_vol.yaml,r1_domestic_ewma_10y_bond_3x_vol,single_515080,2023-12-14,results\backtests\dividend_sleeve_oos_matrix\20260624_213021\r1_domestic_ewma_10y_bond_3x_vol\single_515080\r1_domestic_ewma_10y_bond_3x_vol_single_515080_oos_20260624_213043_121665,['risk_parity_ewma'],r1_domestic_ewma_10y_bond_3x_vol,['CN_ETF:515080.SH'],2019-02-28,2026-06-10
results\backtests\dividend_sleeve_oos_matrix\20260624_213021\r1_domestic_ewma_10y_bond_3x_vol\single_563020\r1_domestic_ewma_10y_bond_3x_vol_single_563020_oos_20260624_213043_502783,results\backtests\dividend_sleeve_oos_matrix\20260624_213021\r1_domestic_ewma_10y_bond_3x_vol\single_563020\r1_domestic_ewma_10y_bond_3x_vol_single_563020_oos_20260624_213043_502783\nav.csv,results\backtests\dividend_sleeve_oos_matrix\20260624_213021\r1_domestic_ewma_10y_bond_3x_vol\single_563020\r1_domestic_ewma_10y_bond_3x_vol_single_563020_oos_20260624_213043_502783\positions.csv,results\backtests\dividend_sleeve_oos_matrix\20260624_213021\r1_domestic_ewma_10y_bond_3x_vol\single_563020\r1_domestic_ewma_10y_bond_3x_vol_single_563020_oos_20260624_213043_502783\orders.csv,results\backtests\dividend_sleeve_oos_matrix\20260624_213021\r1_domestic_ewma_10y_bond_3x_vol\single_563020\r1_domestic_ewma_10y_bond_3x_vol_single_563020_oos_20260624_213043_502783\trades.csv,False,2023-12-14,2026-06-10,600,0.6031986025748852,0.2192553692248009,0.100935741243155,-0.0704547092050437,2.1722272658266104,4992166.392041721,0.7791113144002014,4992166.392041721,1.855026939048099,0.7791113144002014,1377900.0,289359.0,55,189,55,134,"{'REJECTED': 134, 'FILLED': 55}","{'insufficient_cash_or_lot': 133, 'limit_down': 1}",0,4,0.0599813082123496,4,configs\r1_domestic_ewma_10y_bond_3x_vol.yaml,r1_domestic_ewma_10y_bond_3x_vol,single_563020,2023-12-14,results\backtests\dividend_sleeve_oos_matrix\20260624_213021\r1_domestic_ewma_10y_bond_3x_vol\single_563020\r1_domestic_ewma_10y_bond_3x_vol_single_563020_oos_20260624_213043_502783,['risk_parity_ewma'],r1_domestic_ewma_10y_bond_3x_vol,['CN_ETF:563020.SH'],2019-02-28,2026-06-10
results\backtests\dividend_sleeve_oos_matrix\20260624_213021\r1_domestic_ewma_30y_bond_futures\single_515080\r1_domestic_ewma_30y_bond_futures_single_515080_oos_20260624_213044_432466,results\backtests\dividend_sleeve_oos_matrix\20260624_213021\r1_domestic_ewma_30y_bond_futures\single_515080\r1_domestic_ewma_30y_bond_futures_single_515080_oos_20260624_213044_432466\nav.csv,results\backtests\dividend_sleeve_oos_matrix\20260624_213021\r1_domestic_ewma_30y_bond_futures\single_515080\r1_domestic_ewma_30y_bond_futures_single_515080_oos_20260624_213044_432466\positions.csv,results\backtests\dividend_sleeve_oos_matrix\20260624_213021\r1_domestic_ewma_30y_bond_futures\single_515080\r1_domestic_ewma_30y_bond_futures_single_515080_oos_20260624_213044_432466\orders.csv,results\backtests\dividend_sleeve_oos_matrix\20260624_213021\r1_domestic_ewma_30y_bond_futures\single_515080\r1_domestic_ewma_30y_bond_futures_single_515080_oos_20260624_213044_432466\trades.csv,False,2023-12-14,2026-06-10,600,0.5832937008153392,0.2128743824007644,0.0801277748320492,-0.04183401324508,2.65668655902347,4787194.520260644,0.759419065760268,4787194.520260644,1.8081406327625429,0.759419065760268,1065000.0,223650.0,59,227,59,168,"{'REJECTED': 168, 'FILLED': 59}","{'insufficient_cash_or_lot': 167, 'limit_down': 1}",0,4,0.0560906245271729,4,configs\r1_domestic_ewma_30y_bond_futures.yaml,r1_domestic_ewma_30y_bond_futures,single_515080,2023-12-14,results\backtests\dividend_sleeve_oos_matrix\20260624_213021\r1_domestic_ewma_30y_bond_futures\single_515080\r1_domestic_ewma_30y_bond_futures_single_515080_oos_20260624_213044_432466,['risk_parity_ewma'],r1_domestic_ewma_30y_bond_futures,['CN_ETF:515080.SH'],2019-02-28,2026-06-10
results\backtests\dividend_sleeve_oos_matrix\20260624_213021\r1_domestic_ewma_30y_bond_futures\single_563020\r1_domestic_ewma_30y_bond_futures_single_563020_oos_20260624_213044_851730,results\backtests\dividend_sleeve_oos_matrix\20260624_213021\r1_domestic_ewma_30y_bond_futures\single_563020\r1_domestic_ewma_30y_bond_futures_single_563020_oos_20260624_213044_851730\nav.csv,results\backtests\dividend_sleeve_oos_matrix\20260624_213021\r1_domestic_ewma_30y_bond_futures\single_563020\r1_domestic_ewma_30y_bond_futures_single_563020_oos_20260624_213044_851730\positions.csv,results\backtests\dividend_sleeve_oos_matrix\20260624_213021\r1_domestic_ewma_30y_bond_futures\single_563020\r1_domestic_ewma_30y_bond_futures_single_563020_oos_20260624_213044_851730\orders.csv,results\backtests\dividend_sleeve_oos_matrix\20260624_213021\r1_domestic_ewma_30y_bond_futures\single_563020\r1_domestic_ewma_30y_bond_futures_single_563020_oos_20260624_213044_851730\trades.csv,False,2023-12-14,2026-06-10,600,0.5542625620184345,0.2034837820917765,0.0765881018605313,-0.0400807566635552,2.656858926499121,4633722.210729591,0.738199312677018,4633722.210729591,1.7576174111357572,0.738199312677018,1046900.0,219849.0,62,266,62,204,"{'REJECTED': 204, 'FILLED': 62}","{'insufficient_cash_or_lot': 203, 'limit_down': 1}",0,4,0.0553404837829279,4,configs\r1_domestic_ewma_30y_bond_futures.yaml,r1_domestic_ewma_30y_bond_futures,single_563020,2023-12-14,results\backtests\dividend_sleeve_oos_matrix\20260624_213021\r1_domestic_ewma_30y_bond_futures\single_563020\r1_domestic_ewma_30y_bond_futures_single_563020_oos_20260624_213044_851730,['risk_parity_ewma'],r1_domestic_ewma_30y_bond_futures,['CN_ETF:563020.SH'],2019-02-28,2026-06-10
results\backtests\dividend_sleeve_oos_matrix\20260624_213021\r1_domestic_ewma_risk_parity_cvar_dynamic_budget\single_515080\r1_domestic_ewma_risk_parity_cvar_dynamic_budget_single_515080_oos_20260624_213045_708900,results\backtests\dividend_sleeve_oos_matrix\20260624_213021\r1_domestic_ewma_risk_parity_cvar_dynamic_budget\single_515080\r1_domestic_ewma_risk_parity_cvar_dynamic_budget_single_515080_oos_20260624_213045_708900\nav.csv,results\backtests\dividend_sleeve_oos_matrix\20260624_213021\r1_domestic_ewma_risk_parity_cvar_dynamic_budget\single_515080\r1_domestic_ewma_risk_parity_cvar_dynamic_budget_single_515080_oos_20260624_213045_708900\positions.csv,results\backtests\dividend_sleeve_oos_matrix\20260624_213021\r1_domestic_ewma_risk_parity_cvar_dynamic_budget\single_515080\r1_domestic_ewma_risk_parity_cvar_dynamic_budget_single_515080_oos_20260624_213045_708900\orders.csv,results\backtests\dividend_sleeve_oos_matrix\20260624_213021\r1_domestic_ewma_risk_parity_cvar_dynamic_budget\single_515080\r1_domestic_ewma_risk_parity_cvar_dynamic_budget_single_515080_oos_20260624_213045_708900\trades.csv,False,2023-12-14,2026-06-10,600,0.5662840933210265,0.2073845819616933,0.0713362835582211,-0.0308306262885103,2.907140260431935,3971755.495379044,0.6321664922490451,3971755.495379044,1.505158314878679,0.6321664922490451,762300.0,160083.0,52,95,52,43,"{'FILLED': 52, 'REJECTED': 43}",{'insufficient_cash_or_lot': 43},0,4,0.0587924310352523,4,configs\r1_domestic_ewma_risk_parity_cvar_dynamic_budget.yaml,r1_domestic_ewma_risk_parity_cvar_dynamic_budget,single_515080,2023-12-14,results\backtests\dividend_sleeve_oos_matrix\20260624_213021\r1_domestic_ewma_risk_parity_cvar_dynamic_budget\single_515080\r1_domestic_ewma_risk_parity_cvar_dynamic_budget_single_515080_oos_20260624_213045_708900,['risk_parity_cvar_dynamic_budget'],r1_domestic_ewma_risk_parity_cvar_dynamic_budget,['CN_ETF:515080.SH'],2019-02-28,2026-06-10
results\backtests\dividend_sleeve_oos_matrix\20260624_213021\r1_domestic_ewma_risk_parity_cvar_dynamic_budget\single_563020\r1_domestic_ewma_risk_parity_cvar_dynamic_budget_single_563020_oos_20260624_213046_113110,results\backtests\dividend_sleeve_oos_matrix\20260624_213021\r1_domestic_ewma_risk_parity_cvar_dynamic_budget\single_563020\r1_domestic_ewma_risk_parity_cvar_dynamic_budget_single_563020_oos_20260624_213046_113110\nav.csv,results\backtests\dividend_sleeve_oos_matrix\20260624_213021\r1_domestic_ewma_risk_parity_cvar_dynamic_budget\single_563020\r1_domestic_ewma_risk_parity_cvar_dynamic_budget_single_563020_oos_20260624_213046_113110\positions.csv,results\backtests\dividend_sleeve_oos_matrix\20260624_213021\r1_domestic_ewma_risk_parity_cvar_dynamic_budget\single_563020\r1_domestic_ewma_risk_parity_cvar_dynamic_budget_single_563020_oos_20260624_213046_113110\orders.csv,results\backtests\dividend_sleeve_oos_matrix\20260624_213021\r1_domestic_ewma_risk_parity_cvar_dynamic_budget\single_563020\r1_domestic_ewma_risk_parity_cvar_dynamic_budget_single_563020_oos_20260624_213046_113110\trades.csv,False,2023-12-14,2026-06-10,600,0.5577923735932699,0.2046309602994505,0.0707986185395568,-0.0318505953877995,2.8903241972880944,3755847.361473005,0.5971470054447915,3755847.361473005,1.4217785843923607,0.5971470054447915,824200.0,173082.0,50,156,50,106,"{'REJECTED': 106, 'FILLED': 50}",{'insufficient_cash_or_lot': 106},0,4,0.0578590767238913,4,configs\r1_domestic_ewma_risk_parity_cvar_dynamic_budget.yaml,r1_domestic_ewma_risk_parity_cvar_dynamic_budget,single_563020,2023-12-14,results\backtests\dividend_sleeve_oos_matrix\20260624_213021\r1_domestic_ewma_risk_parity_cvar_dynamic_budget\single_563020\r1_domestic_ewma_risk_parity_cvar_dynamic_budget_single_563020_oos_20260624_213046_113110,['risk_parity_cvar_dynamic_budget'],r1_domestic_ewma_risk_parity_cvar_dynamic_budget,['CN_ETF:563020.SH'],2019-02-28,2026-06-10
results\backtests\dividend_sleeve_oos_matrix\20260624_213021\r1_domestic_rolling_10y_bond_3x_vol\single_515080\r1_domestic_rolling_10y_bond_3x_vol_single_515080_oos_20260624_213046_975498,results\backtests\dividend_sleeve_oos_matrix\20260624_213021\r1_domestic_rolling_10y_bond_3x_vol\single_515080\r1_domestic_rolling_10y_bond_3x_vol_single_515080_oos_20260624_213046_975498\nav.csv,results\backtests\dividend_sleeve_oos_matrix\20260624_213021\r1_domestic_rolling_10y_bond_3x_vol\single_515080\r1_domestic_rolling_10y_bond_3x_vol_single_515080_oos_20260624_213046_975498\positions.csv,results\backtests\dividend_sleeve_oos_matrix\20260624_213021\r1_domestic_rolling_10y_bond_3x_vol\single_515080\r1_domestic_rolling_10y_bond_3x_vol_single_515080_oos_20260624_213046_975498\orders.csv,results\backtests\dividend_sleeve_oos_matrix\20260624_213021\r1_domestic_rolling_10y_bond_3x_vol\single_515080\r1_domestic_rolling_10y_bond_3x_vol_single_515080_oos_20260624_213046_975498\trades.csv,False,2023-12-14,2026-06-10,600,0.6193171441987009,0.2243889566742518,0.1001207152513192,-0.0591551708306039,2.2411841157047183,3714975.2585742697,0.5828297089897246,3714975.2585742697,1.3876897833088682,0.5828297089897246,932500.0,195825.0,48,78,48,30,"{'FILLED': 48, 'REJECTED': 30}","{'insufficient_cash_or_lot': 29, 'limit_down': 1}",0,4,0.0557575906831477,4,configs\r1_domestic_rolling_10y_bond_3x_vol.yaml,r1_domestic_rolling_10y_bond_3x_vol,single_515080,2023-12-14,results\backtests\dividend_sleeve_oos_matrix\20260624_213021\r1_domestic_rolling_10y_bond_3x_vol\single_515080\r1_domestic_rolling_10y_bond_3x_vol_single_515080_oos_20260624_213046_975498,['risk_parity'],r1_domestic_rolling_10y_bond_3x_vol,['CN_ETF:515080.SH'],2019-02-28,2026-06-10
results\backtests\dividend_sleeve_oos_matrix\20260624_213021\r1_domestic_rolling_10y_bond_3x_vol\single_563020\r1_domestic_rolling_10y_bond_3x_vol_single_563020_oos_20260624_213047_363101,results\backtests\dividend_sleeve_oos_matrix\20260624_213021\r1_domestic_rolling_10y_bond_3x_vol\single_563020\r1_domestic_rolling_10y_bond_3x_vol_single_563020_oos_20260624_213047_363101\nav.csv,results\backtests\dividend_sleeve_oos_matrix\20260624_213021\r1_domestic_rolling_10y_bond_3x_vol\single_563020\r1_domestic_rolling_10y_bond_3x_vol_single_563020_oos_20260624_213047_363101\positions.csv,results\backtests\dividend_sleeve_oos_matrix\20260624_213021\r1_domestic_rolling_10y_bond_3x_vol\single_563020\r1_domestic_rolling_10y_bond_3x_vol_single_563020_oos_20260624_213047_363101\orders.csv,results\backtests\dividend_sleeve_oos_matrix\20260624_213021\r1_domestic_rolling_10y_bond_3x_vol\single_563020\r1_domestic_rolling_10y_bond_3x_vol_single_563020_oos_20260624_213047_363101\trades.csv,False,2023-12-14,2026-06-10,600,0.6128623864011795,0.222336757410636,0.0987913815422235,-0.0664245169980644,2.250568358694419,3766359.9073144007,0.5882575641623242,3766359.9073144007,1.4006132480055338,0.5882575641623242,1077100.0,226191.0,53,157,53,104,"{'REJECTED': 104, 'FILLED': 53}","{'insufficient_cash_or_lot': 103, 'limit_down': 1}",0,4,0.0586173429933778,4,configs\r1_domestic_rolling_10y_bond_3x_vol.yaml,r1_domestic_rolling_10y_bond_3x_vol,single_563020,2023-12-14,results\backtests\dividend_sleeve_oos_matrix\20260624_213021\r1_domestic_rolling_10y_bond_3x_vol\single_563020\r1_domestic_rolling_10y_bond_3x_vol_single_563020_oos_20260624_213047_363101,['risk_parity'],r1_domestic_rolling_10y_bond_3x_vol,['CN_ETF:563020.SH'],2019-02-28,2026-06-10
results\backtests\dividend_sleeve_oos_matrix\20260624_213021\r1_domestic_rolling_30y_bond_futures\single_515080\r1_domestic_rolling_30y_bond_futures_single_515080_oos_20260624_213048_201171,results\backtests\dividend_sleeve_oos_matrix\20260624_213021\r1_domestic_rolling_30y_bond_futures\single_515080\r1_domestic_rolling_30y_bond_futures_single_515080_oos_20260624_213048_201171\nav.csv,results\backtests\dividend_sleeve_oos_matrix\20260624_213021\r1_domestic_rolling_30y_bond_futures\single_515080\r1_domestic_rolling_30y_bond_futures_single_515080_oos_20260624_213048_201171\positions.csv,results\backtests\dividend_sleeve_oos_matrix\20260624_213021\r1_domestic_rolling_30y_bond_futures\single_515080\r1_domestic_rolling_30y_bond_futures_single_515080_oos_20260624_213048_201171\orders.csv,results\backtests\dividend_sleeve_oos_matrix\20260624_213021\r1_domestic_rolling_30y_bond_futures\single_515080\r1_domestic_rolling_30y_bond_futures_single_515080_oos_20260624_213048_201171\trades.csv,False,2023-12-14,2026-06-10,600,0.4983654148276983,0.1851121506427624,0.0698140597358973,-0.052114320015118,2.6515024529877125,2634413.4022943093,0.4313268653711757,2634413.4022943093,1.026968727074228,0.4313268653711757,517800.0,108738.0,30,54,30,24,"{'FILLED': 30, 'REJECTED': 24}",{'insufficient_cash_or_lot': 24},0,4,0.059057107421582,4,configs\r1_domestic_rolling_30y_bond_futures.yaml,r1_domestic_rolling_30y_bond_futures,single_515080,2023-12-14,results\backtests\dividend_sleeve_oos_matrix\20260624_213021\r1_domestic_rolling_30y_bond_futures\single_515080\r1_domestic_rolling_30y_bond_futures_single_515080_oos_20260624_213048_201171,['risk_parity'],r1_domestic_rolling_30y_bond_futures,['CN_ETF:515080.SH'],2019-02-28,2026-06-10
results\backtests\dividend_sleeve_oos_matrix\20260624_213021\r1_domestic_rolling_30y_bond_futures\single_563020\r1_domestic_rolling_30y_bond_futures_single_563020_oos_20260624_213048_501859,results\backtests\dividend_sleeve_oos_matrix\20260624_213021\r1_domestic_rolling_30y_bond_futures\single_563020\r1_domestic_rolling_30y_bond_futures_single_563020_oos_20260624_213048_501859\nav.csv,results\backtests\dividend_sleeve_oos_matrix\20260624_213021\r1_domestic_rolling_30y_bond_futures\single_563020\r1_domestic_rolling_30y_bond_futures_single_563020_oos_20260624_213048_501859\positions.csv,results\backtests\dividend_sleeve_oos_matrix\20260624_213021\r1_domestic_rolling_30y_bond_futures\single_563020\r1_domestic_rolling_30y_bond_futures_single_563020_oos_20260624_213048_501859\orders.csv,results\backtests\dividend_sleeve_oos_matrix\20260624_213021\r1_domestic_rolling_30y_bond_futures\single_563020\r1_domestic_rolling_30y_bond_futures_single_563020_oos_20260624_213048_501859\trades.csv,False,2023-12-14,2026-06-10,600,0.4948359778096409,0.1839388930535237,0.0702770874947258,-0.049494938747671,2.61733802026625,2647180.3420635783,0.4326606509097291,2647180.3420635783,1.0301444069279264,0.4326606509097291,615400.0,129234.0,35,38,35,3,"{'FILLED': 35, 'REJECTED': 3}",{'insufficient_cash_or_lot': 3},0,4,0.0584055734632471,4,configs\r1_domestic_rolling_30y_bond_futures.yaml,r1_domestic_rolling_30y_bond_futures,single_563020,2023-12-14,results\backtests\dividend_sleeve_oos_matrix\20260624_213021\r1_domestic_rolling_30y_bond_futures\single_563020\r1_domestic_rolling_30y_bond_futures_single_563020_oos_20260624_213048_501859,['risk_parity'],r1_domestic_rolling_30y_bond_futures,['CN_ETF:563020.SH'],2019-02-28,2026-06-10
results\backtests\dividend_sleeve_oos_matrix\20260624_213021\r2_global_dividend_ewma_risk_parity_cvar_dynamic_budget\single_515080\r2_global_dividend_ewma_risk_parity_cvar_dynamic_budget_single_515080_oos_20260624_213049_144287,results\backtests\dividend_sleeve_oos_matrix\20260624_213021\r2_global_dividend_ewma_risk_parity_cvar_dynamic_budget\single_515080\r2_global_dividend_ewma_risk_parity_cvar_dynamic_budget_single_515080_oos_20260624_213049_144287\nav.csv,results\backtests\dividend_sleeve_oos_matrix\20260624_213021\r2_global_dividend_ewma_risk_parity_cvar_dynamic_budget\single_515080\r2_global_dividend_ewma_risk_parity_cvar_dynamic_budget_single_515080_oos_20260624_213049_144287\positions.csv,results\backtests\dividend_sleeve_oos_matrix\20260624_213021\r2_global_dividend_ewma_risk_parity_cvar_dynamic_budget\single_515080\r2_global_dividend_ewma_risk_parity_cvar_dynamic_budget_single_515080_oos_20260624_213049_144287\orders.csv,results\backtests\dividend_sleeve_oos_matrix\20260624_213021\r2_global_dividend_ewma_risk_parity_cvar_dynamic_budget\single_515080\r2_global_dividend_ewma_risk_parity_cvar_dynamic_budget_single_515080_oos_20260624_213049_144287\trades.csv,False,2023-12-14,2026-06-10,600,0.4703074133711349,0.1757403467771932,0.0650387797617452,-0.0418999278403383,2.7020855468226475,4185555.961802554,0.6914677252287119,4185555.961802554,1.6463517267350285,0.6914677252287119,1127900.0,236859.0,70,172,70,102,"{'REJECTED': 102, 'FILLED': 70}","{'insufficient_cash_or_lot': 101, 'limit_down': 1}",0,4,0.0604012162675933,4,configs\r2_global_dividend_ewma_risk_parity_cvar_dynamic_budget.yaml,r2_global_dividend_ewma_risk_parity_cvar_dynamic_budget,single_515080,2023-12-14,results\backtests\dividend_sleeve_oos_matrix\20260624_213021\r2_global_dividend_ewma_risk_parity_cvar_dynamic_budget\single_515080\r2_global_dividend_ewma_risk_parity_cvar_dynamic_budget_single_515080_oos_20260624_213049_144287,['risk_parity_cvar_dynamic_budget'],r2_global_dividend_ewma_risk_parity_cvar_dynamic_budget,['CN_ETF:515080.SH'],2019-02-28,2026-06-10
results\backtests\dividend_sleeve_oos_matrix\20260624_213021\r2_global_dividend_ewma_risk_parity_cvar_dynamic_budget\single_563020\r2_global_dividend_ewma_risk_parity_cvar_dynamic_budget_single_563020_oos_20260624_213049_555502,results\backtests\dividend_sleeve_oos_matrix\20260624_213021\r2_global_dividend_ewma_risk_parity_cvar_dynamic_budget\single_563020\r2_global_dividend_ewma_risk_parity_cvar_dynamic_budget_single_563020_oos_20260624_213049_555502\nav.csv,results\backtests\dividend_sleeve_oos_matrix\20260624_213021\r2_global_dividend_ewma_risk_parity_cvar_dynamic_budget\single_563020\r2_global_dividend_ewma_risk_parity_cvar_dynamic_budget_single_563020_oos_20260624_213049_555502\positions.csv,results\backtests\dividend_sleeve_oos_matrix\20260624_213021\r2_global_dividend_ewma_risk_parity_cvar_dynamic_budget\single_563020\r2_global_dividend_ewma_risk_parity_cvar_dynamic_budget_single_563020_oos_20260624_213049_555502\orders.csv,results\backtests\dividend_sleeve_oos_matrix\20260624_213021\r2_global_dividend_ewma_risk_parity_cvar_dynamic_budget\single_563020\r2_global_dividend_ewma_risk_parity_cvar_dynamic_budget_single_563020_oos_20260624_213049_555502\trades.csv,False,2023-12-14,2026-06-10,600,0.4487812725944602,0.1684797378854101,0.0655397212157753,-0.0428939420232099,2.5706508169408746,3624826.558982061,0.6014520120182534,3624826.558982061,1.4320286000434603,0.6014520120182534,1069100.0,224511.0,51,120,51,69,"{'REJECTED': 69, 'FILLED': 51}",{'insufficient_cash_or_lot': 69},0,4,0.0569045166631399,4,configs\r2_global_dividend_ewma_risk_parity_cvar_dynamic_budget.yaml,r2_global_dividend_ewma_risk_parity_cvar_dynamic_budget,single_563020,2023-12-14,results\backtests\dividend_sleeve_oos_matrix\20260624_213021\r2_global_dividend_ewma_risk_parity_cvar_dynamic_budget\single_563020\r2_global_dividend_ewma_risk_parity_cvar_dynamic_budget_single_563020_oos_20260624_213049_555502,['risk_parity_cvar_dynamic_budget'],r2_global_dividend_ewma_risk_parity_cvar_dynamic_budget,['CN_ETF:563020.SH'],2019-02-28,2026-06-10
results\backtests\dividend_sleeve_oos_matrix\20260624_213021\r2_global_ewma_risk_parity_cvar_dynamic_budget\single_515080\r2_global_ewma_risk_parity_cvar_dynamic_budget_single_515080_oos_20260624_213050_427526,results\backtests\dividend_sleeve_oos_matrix\20260624_213021\r2_global_ewma_risk_parity_cvar_dynamic_budget\single_515080\r2_global_ewma_risk_parity_cvar_dynamic_budget_single_515080_oos_20260624_213050_427526\nav.csv,results\backtests\dividend_sleeve_oos_matrix\20260624_213021\r2_global_ewma_risk_parity_cvar_dynamic_budget\single_515080\r2_global_ewma_risk_parity_cvar_dynamic_budget_single_515080_oos_20260624_213050_427526\positions.csv,results\backtests\dividend_sleeve_oos_matrix\20260624_213021\r2_global_ewma_risk_parity_cvar_dynamic_budget\single_515080\r2_global_ewma_risk_parity_cvar_dynamic_budget_single_515080_oos_20260624_213050_427526\orders.csv,results\backtests\dividend_sleeve_oos_matrix\20260624_213021\r2_global_ewma_risk_parity_cvar_dynamic_budget\single_515080\r2_global_ewma_risk_parity_cvar_dynamic_budget_single_515080_oos_20260624_213050_427526\trades.csv,False,2023-12-14,2026-06-10,600,0.5568440642621435,0.204322910841368,0.0716029057748035,-0.0400461914197557,2.853556131981273,4372146.15402519,0.6975325005400606,4372146.15402519,1.6607916679525252,0.6975325005400606,1083500.0,227535.0,70,186,70,116,"{'REJECTED': 116, 'FILLED': 70}",{'insufficient_cash_or_lot': 116},0,5,0.0580834157411236,5,configs\r2_global_ewma_risk_parity_cvar_dynamic_budget.yaml,r2_global_ewma_risk_parity_cvar_dynamic_budget,single_515080,2023-12-14,results\backtests\dividend_sleeve_oos_matrix\20260624_213021\r2_global_ewma_risk_parity_cvar_dynamic_budget\single_515080\r2_global_ewma_risk_parity_cvar_dynamic_budget_single_515080_oos_20260624_213050_427526,['risk_parity_cvar_dynamic_budget'],r2_global_ewma_risk_parity_cvar_dynamic_budget,['CN_ETF:515080.SH'],2019-02-28,2026-06-10
results\backtests\dividend_sleeve_oos_matrix\20260624_213021\r2_global_ewma_risk_parity_cvar_dynamic_budget\single_563020\r2_global_ewma_risk_parity_cvar_dynamic_budget_single_563020_oos_20260624_213050_899716,results\backtests\dividend_sleeve_oos_matrix\20260624_213021\r2_global_ewma_risk_parity_cvar_dynamic_budget\single_563020\r2_global_ewma_risk_parity_cvar_dynamic_budget_single_563020_oos_20260624_213050_899716\nav.csv,results\backtests\dividend_sleeve_oos_matrix\20260624_213021\r2_global_ewma_risk_parity_cvar_dynamic_budget\single_563020\r2_global_ewma_risk_parity_cvar_dynamic_budget_single_563020_oos_20260624_213050_899716\positions.csv,results\backtests\dividend_sleeve_oos_matrix\20260624_213021\r2_global_ewma_risk_parity_cvar_dynamic_budget\single_563020\r2_global_ewma_risk_parity_cvar_dynamic_budget_single_563020_oos_20260624_213050_899716\orders.csv,results\backtests\dividend_sleeve_oos_matrix\20260624_213021\r2_global_ewma_risk_parity_cvar_dynamic_budget\single_563020\r2_global_ewma_risk_parity_cvar_dynamic_budget_single_563020_oos_20260624_213050_899716\trades.csv,False,2023-12-14,2026-06-10,600,0.5548543223033473,0.2036762077658214,0.0704014900362559,-0.0383198550111036,2.893066718629544,4103243.661560716,0.651910681600984,4103243.661560716,1.5521682895261524,0.651910681600984,1036400.0,217644.0,65,228,65,163,"{'REJECTED': 163, 'FILLED': 65}",{'insufficient_cash_or_lot': 163},5,5,0.056078437630684,5,configs\r2_global_ewma_risk_parity_cvar_dynamic_budget.yaml,r2_global_ewma_risk_parity_cvar_dynamic_budget,single_563020,2023-12-14,results\backtests\dividend_sleeve_oos_matrix\20260624_213021\r2_global_ewma_risk_parity_cvar_dynamic_budget\single_563020\r2_global_ewma_risk_parity_cvar_dynamic_budget_single_563020_oos_20260624_213050_899716,['risk_parity_cvar_dynamic_budget'],r2_global_ewma_risk_parity_cvar_dynamic_budget,['CN_ETF:563020.SH'],2019-02-28,2026-06-10
results\backtests\dividend_sleeve_oos_matrix\20260624_213021\r3_global_nasdaq_all_weather_ewma_risk_parity_cvar_dynamic_budget\single_515080\r3_global_nasdaq_all_weather_ewma_risk_parity_cvar_dynamic_budget_single_515080_oos_20260624_213051_934827,results\backtests\dividend_sleeve_oos_matrix\20260624_213021\r3_global_nasdaq_all_weather_ewma_risk_parity_cvar_dynamic_budget\single_515080\r3_global_nasdaq_all_weather_ewma_risk_parity_cvar_dynamic_budget_single_515080_oos_20260624_213051_934827\nav.csv,results\backtests\dividend_sleeve_oos_matrix\20260624_213021\r3_global_nasdaq_all_weather_ewma_risk_parity_cvar_dynamic_budget\single_515080\r3_global_nasdaq_all_weather_ewma_risk_parity_cvar_dynamic_budget_single_515080_oos_20260624_213051_934827\positions.csv,results\backtests\dividend_sleeve_oos_matrix\20260624_213021\r3_global_nasdaq_all_weather_ewma_risk_parity_cvar_dynamic_budget\single_515080\r3_global_nasdaq_all_weather_ewma_risk_parity_cvar_dynamic_budget_single_515080_oos_20260624_213051_934827\orders.csv,results\backtests\dividend_sleeve_oos_matrix\20260624_213021\r3_global_nasdaq_all_weather_ewma_risk_parity_cvar_dynamic_budget\single_515080\r3_global_nasdaq_all_weather_ewma_risk_parity_cvar_dynamic_budget_single_515080_oos_20260624_213051_934827\trades.csv,False,2023-12-14,2026-06-10,600,0.462329207483638,0.1730565932302261,0.0687493919629812,-0.046643491982618,2.517209073258568,4149854.155992821,0.7027130467297736,4149854.155992821,1.6731263017375562,0.7027130467297736,1265600.0,265776.0,87,234,87,147,"{'REJECTED': 147, 'FILLED': 87}","{'insufficient_cash_or_lot': 146, 'limit_down': 1}",7,7,0.0589111148871069,7,configs\r3_global_nasdaq_all_weather_ewma_risk_parity_cvar_dynamic_budget.yaml,r3_global_nasdaq_all_weather_ewma_risk_parity_cvar_dynamic_budget,single_515080,2023-12-14,results\backtests\dividend_sleeve_oos_matrix\20260624_213021\r3_global_nasdaq_all_weather_ewma_risk_parity_cvar_dynamic_budget\single_515080\r3_global_nasdaq_all_weather_ewma_risk_parity_cvar_dynamic_budget_single_515080_oos_20260624_213051_934827,['risk_parity_cvar_dynamic_budget'],r3_global_nasdaq_all_weather_ewma_risk_parity_cvar_dynamic_budget,['CN_ETF:515080.SH'],2022-05-31,2026-06-10
results\backtests\dividend_sleeve_oos_matrix\20260624_213021\r3_global_nasdaq_all_weather_ewma_risk_parity_cvar_dynamic_budget\single_563020\r3_global_nasdaq_all_weather_ewma_risk_parity_cvar_dynamic_budget_single_563020_oos_20260624_213052_514810,results\backtests\dividend_sleeve_oos_matrix\20260624_213021\r3_global_nasdaq_all_weather_ewma_risk_parity_cvar_dynamic_budget\single_563020\r3_global_nasdaq_all_weather_ewma_risk_parity_cvar_dynamic_budget_single_563020_oos_20260624_213052_514810\nav.csv,results\backtests\dividend_sleeve_oos_matrix\20260624_213021\r3_global_nasdaq_all_weather_ewma_risk_parity_cvar_dynamic_budget\single_563020\r3_global_nasdaq_all_weather_ewma_risk_parity_cvar_dynamic_budget_single_563020_oos_20260624_213052_514810\positions.csv,results\backtests\dividend_sleeve_oos_matrix\20260624_213021\r3_global_nasdaq_all_weather_ewma_risk_parity_cvar_dynamic_budget\single_563020\r3_global_nasdaq_all_weather_ewma_risk_parity_cvar_dynamic_budget_single_563020_oos_20260624_213052_514810\orders.csv,results\backtests\dividend_sleeve_oos_matrix\20260624_213021\r3_global_nasdaq_all_weather_ewma_risk_parity_cvar_dynamic_budget\single_563020\r3_global_nasdaq_all_weather_ewma_risk_parity_cvar_dynamic_budget_single_563020_oos_20260624_213052_514810\trades.csv,False,2023-12-14,2026-06-10,600,0.4362846444482551,0.1642359814514402,0.0663910510053163,-0.0484298760195915,2.4737668550884804,3869604.514984948,0.6573591098123529,3869604.514984948,1.5651407376484592,0.6573591098123529,1227200.0,257712.0,90,193,90,103,"{'REJECTED': 103, 'FILLED': 90}",{'insufficient_cash_or_lot': 103},7,7,0.0580910669962841,7,configs\r3_global_nasdaq_all_weather_ewma_risk_parity_cvar_dynamic_budget.yaml,r3_global_nasdaq_all_weather_ewma_risk_parity_cvar_dynamic_budget,single_563020,2023-12-14,results\backtests\dividend_sleeve_oos_matrix\20260624_213021\r3_global_nasdaq_all_weather_ewma_risk_parity_cvar_dynamic_budget\single_563020\r3_global_nasdaq_all_weather_ewma_risk_parity_cvar_dynamic_budget_single_563020_oos_20260624_213052_514810,['risk_parity_cvar_dynamic_budget'],r3_global_nasdaq_all_weather_ewma_risk_parity_cvar_dynamic_budget,['CN_ETF:563020.SH'],2022-05-31,2026-06-10
results\backtests\dividend_sleeve_oos_matrix\20260624_213021\us_blend_ewma_risk_parity_cvar_dynamic_budget\single_515080\us_blend_ewma_risk_parity_cvar_dynamic_budget_single_515080_oos_20260624_213053_751177,results\backtests\dividend_sleeve_oos_matrix\20260624_213021\us_blend_ewma_risk_parity_cvar_dynamic_budget\single_515080\us_blend_ewma_risk_parity_cvar_dynamic_budget_single_515080_oos_20260624_213053_751177\nav.csv,results\backtests\dividend_sleeve_oos_matrix\20260624_213021\us_blend_ewma_risk_parity_cvar_dynamic_budget\single_515080\us_blend_ewma_risk_parity_cvar_dynamic_budget_single_515080_oos_20260624_213053_751177\positions.csv,results\backtests\dividend_sleeve_oos_matrix\20260624_213021\us_blend_ewma_risk_parity_cvar_dynamic_budget\single_515080\us_blend_ewma_risk_parity_cvar_dynamic_budget_single_515080_oos_20260624_213053_751177\orders.csv,results\backtests\dividend_sleeve_oos_matrix\20260624_213021\us_blend_ewma_risk_parity_cvar_dynamic_budget\single_515080\us_blend_ewma_risk_parity_cvar_dynamic_budget_single_515080_oos_20260624_213053_751177\trades.csv,False,2023-12-14,2026-06-10,600,0.4994943780488741,0.1854871028608624,0.0674191558593304,-0.0453116757067351,2.751252229379433,5333802.981798196,0.8734147416419424,5333802.981798196,2.079558908671292,0.8734147416419424,1364200.0,286482.0,163,334,163,171,"{'REJECTED': 171, 'FILLED': 163}",{'insufficient_cash_or_lot': 171},0,6,0.0604675473457075,6,configs\us_blend_ewma_risk_parity_cvar_dynamic_budget.yaml,us_blend_ewma_risk_parity_cvar_dynamic_budget,single_515080,2023-12-14,results\backtests\dividend_sleeve_oos_matrix\20260624_213021\us_blend_ewma_risk_parity_cvar_dynamic_budget\single_515080\us_blend_ewma_risk_parity_cvar_dynamic_budget_single_515080_oos_20260624_213053_751177,['risk_parity_cvar_dynamic_budget'],us_blend_ewma_risk_parity_cvar_dynamic_budget,['CN_ETF:515080.SH'],2019-02-28,2026-06-10
results\backtests\dividend_sleeve_oos_matrix\20260624_213021\us_blend_ewma_risk_parity_cvar_dynamic_budget\single_563020\us_blend_ewma_risk_parity_cvar_dynamic_budget_single_563020_oos_20260624_213056_804534,results\backtests\dividend_sleeve_oos_matrix\20260624_213021\us_blend_ewma_risk_parity_cvar_dynamic_budget\single_563020\us_blend_ewma_risk_parity_cvar_dynamic_budget_single_563020_oos_20260624_213056_804534\nav.csv,results\backtests\dividend_sleeve_oos_matrix\20260624_213021\us_blend_ewma_risk_parity_cvar_dynamic_budget\single_563020\us_blend_ewma_risk_parity_cvar_dynamic_budget_single_563020_oos_20260624_213056_804534\positions.csv,results\backtests\dividend_sleeve_oos_matrix\20260624_213021\us_blend_ewma_risk_parity_cvar_dynamic_budget\single_563020\us_blend_ewma_risk_parity_cvar_dynamic_budget_single_563020_oos_20260624_213056_804534\orders.csv,results\backtests\dividend_sleeve_oos_matrix\20260624_213021\us_blend_ewma_risk_parity_cvar_dynamic_budget\single_563020\us_blend_ewma_risk_parity_cvar_dynamic_budget_single_563020_oos_20260624_213056_804534\trades.csv,False,2023-12-14,2026-06-10,600,0.4849263620124557,0.1806361187669878,0.0668877327350556,-0.0462112899487022,2.7005866603745265,5128214.729500789,0.8423502071185777,5128214.729500789,2.005595731234709,0.8423502071185777,1475400.0,309834.0,156,274,156,118,"{'FILLED': 156, 'REJECTED': 118}",{'insufficient_cash_or_lot': 118},1,6,0.061169812539867,6,configs\us_blend_ewma_risk_parity_cvar_dynamic_budget.yaml,us_blend_ewma_risk_parity_cvar_dynamic_budget,single_563020,2023-12-14,results\backtests\dividend_sleeve_oos_matrix\20260624_213021\us_blend_ewma_risk_parity_cvar_dynamic_budget\single_563020\us_blend_ewma_risk_parity_cvar_dynamic_budget_single_563020_oos_20260624_213056_804534,['risk_parity_cvar_dynamic_budget'],us_blend_ewma_risk_parity_cvar_dynamic_budget,['CN_ETF:563020.SH'],2019-02-28,2026-06-10
