results_dir,nav_csv,positions_csv,orders_csv,trades_csv,oos_metrics_available,start_date,end_date,observations,total_return,annualized_return,annualized_volatility,max_drawdown,sharpe_ratio,turnover_total,annualized_turnover,turnover_amount_total,turnover_amount_ratio,annualized_turnover_amount,turnover_quantity_total,annualized_turnover_quantity,trade_count,order_count,filled_order_count,rejected_order_count,order_status_counts,rejection_reason_counts,pending_intent_count,max_pending_intent_count,average_cash_weight,max_position_count,config_file,config_stem,original_run_name,variant,replacement_asset_ids,original_start,oos_start,configured_end,strategy_names,raw_output_dir
results\backtests\dividend_sleeve_oos_matrix\20260624_213021\baseline_r1_domestic_ewma\single_515080\baseline_r1_domestic_ewma_single_515080_oos_20260624_213021_659437,results\backtests\dividend_sleeve_oos_matrix\20260624_213021\baseline_r1_domestic_ewma\single_515080\baseline_r1_domestic_ewma_single_515080_oos_20260624_213021_659437\nav.csv,results\backtests\dividend_sleeve_oos_matrix\20260624_213021\baseline_r1_domestic_ewma\single_515080\baseline_r1_domestic_ewma_single_515080_oos_20260624_213021_659437\positions.csv,results\backtests\dividend_sleeve_oos_matrix\20260624_213021\baseline_r1_domestic_ewma\single_515080\baseline_r1_domestic_ewma_single_515080_oos_20260624_213021_659437\orders.csv,results\backtests\dividend_sleeve_oos_matrix\20260624_213021\baseline_r1_domestic_ewma\single_515080\baseline_r1_domestic_ewma_single_515080_oos_20260624_213021_659437\trades.csv,False,2023-12-14,2026-06-10,600,0.5832937008153392,0.2128743824007644,0.08012777483204928,-0.04183401324508007,2.65668655902347,4787194.520260644,0.759419065760268,4787194.520260644,1.8081406327625427,0.759419065760268,1065000.0,223650.0,59,227,59,168,"{'REJECTED': 168, 'FILLED': 59}","{'insufficient_cash_or_lot': 167, 'limit_down': 1}",0,4,0.05609062452717294,4,configs\baseline_r1_domestic_ewma.yaml,baseline_r1_domestic_ewma,baseline_r1_domestic_ewma,single_515080,['CN_ETF:515080.SH'],2019-02-28,2023-12-14,2026-06-10,['risk_parity_ewma'],results\backtests\dividend_sleeve_oos_matrix\20260624_213021\baseline_r1_domestic_ewma\single_515080\baseline_r1_domestic_ewma_single_515080_oos_20260624_213021_659437
results\backtests\dividend_sleeve_oos_matrix\20260624_213021\baseline_r1_domestic_ewma\single_563020\baseline_r1_domestic_ewma_single_563020_oos_20260624_213022_035398,results\backtests\dividend_sleeve_oos_matrix\20260624_213021\baseline_r1_domestic_ewma\single_563020\baseline_r1_domestic_ewma_single_563020_oos_20260624_213022_035398\nav.csv,results\backtests\dividend_sleeve_oos_matrix\20260624_213021\baseline_r1_domestic_ewma\single_563020\baseline_r1_domestic_ewma_single_563020_oos_20260624_213022_035398\positions.csv,results\backtests\dividend_sleeve_oos_matrix\20260624_213021\baseline_r1_domestic_ewma\single_563020\baseline_r1_domestic_ewma_single_563020_oos_20260624_213022_035398\orders.csv,results\backtests\dividend_sleeve_oos_matrix\20260624_213021\baseline_r1_domestic_ewma\single_563020\baseline_r1_domestic_ewma_single_563020_oos_20260624_213022_035398\trades.csv,False,2023-12-14,2026-06-10,600,0.5542625620184345,0.20348378209177653,0.0765881018605313,-0.04008075666355526,2.656858926499121,4633722.210729591,0.738199312677018,4633722.210729591,1.7576174111357572,0.738199312677018,1046900.0,219849.0,62,266,62,204,"{'REJECTED': 204, 'FILLED': 62}","{'insufficient_cash_or_lot': 203, 'limit_down': 1}",0,4,0.055340483782927996,4,configs\baseline_r1_domestic_ewma.yaml,baseline_r1_domestic_ewma,baseline_r1_domestic_ewma,single_563020,['CN_ETF:563020.SH'],2019-02-28,2023-12-14,2026-06-10,['risk_parity_ewma'],results\backtests\dividend_sleeve_oos_matrix\20260624_213021\baseline_r1_domestic_ewma\single_563020\baseline_r1_domestic_ewma_single_563020_oos_20260624_213022_035398
results\backtests\dividend_sleeve_oos_matrix\20260624_213021\baseline_r1_domestic_ewma\split_515080_563020\baseline_r1_domestic_ewma_split_515080_563020_oos_20260624_213022_439306,results\backtests\dividend_sleeve_oos_matrix\20260624_213021\baseline_r1_domestic_ewma\split_515080_563020\baseline_r1_domestic_ewma_split_515080_563020_oos_20260624_213022_439306\nav.csv,results\backtests\dividend_sleeve_oos_matrix\20260624_213021\baseline_r1_domestic_ewma\split_515080_563020\baseline_r1_domestic_ewma_split_515080_563020_oos_20260624_213022_439306\positions.csv,results\backtests\dividend_sleeve_oos_matrix\20260624_213021\baseline_r1_domestic_ewma\split_515080_563020\baseline_r1_domestic_ewma_split_515080_563020_oos_20260624_213022_439306\orders.csv,results\backtests\dividend_sleeve_oos_matrix\20260624_213021\baseline_r1_domestic_ewma\split_515080_563020\baseline_r1_domestic_ewma_split_515080_563020_oos_20260624_213022_439306\trades.csv,False,2023-12-14,2026-06-10,600,0.48964706481724507,0.18221107029623163,0.08279547536985137,-0.05466753283636494,2.2007370509352837,4332801.010107919,0.7081813971367669,4332801.010107919,1.6861461836589688,0.7081813971367669,1170800.0,245868.0,68,266,68,198,"{'REJECTED': 198, 'FILLED': 68}","{'insufficient_cash_or_lot': 197, 'limit_down': 1}",0,5,0.0558706651655495,5,configs\baseline_r1_domestic_ewma.yaml,baseline_r1_domestic_ewma,baseline_r1_domestic_ewma,split_515080_563020,"['CN_ETF:515080.SH', 'CN_ETF:563020.SH']",2019-02-28,2023-12-14,2026-06-10,['risk_parity_ewma'],results\backtests\dividend_sleeve_oos_matrix\20260624_213021\baseline_r1_domestic_ewma\split_515080_563020\baseline_r1_domestic_ewma_split_515080_563020_oos_20260624_213022_439306
results\backtests\dividend_sleeve_oos_matrix\20260624_213021\baseline_r1_domestic_low_vol_ewma\single_515080\baseline_r1_domestic_low_vol_ewma_single_515080_oos_20260624_213022_852392,results\backtests\dividend_sleeve_oos_matrix\20260624_213021\baseline_r1_domestic_low_vol_ewma\single_515080\baseline_r1_domestic_low_vol_ewma_single_515080_oos_20260624_213022_852392\nav.csv,results\backtests\dividend_sleeve_oos_matrix\20260624_213021\baseline_r1_domestic_low_vol_ewma\single_515080\baseline_r1_domestic_low_vol_ewma_single_515080_oos_20260624_213022_852392\positions.csv,results\backtests\dividend_sleeve_oos_matrix\20260624_213021\baseline_r1_domestic_low_vol_ewma\single_515080\baseline_r1_domestic_low_vol_ewma_single_515080_oos_20260624_213022_852392\orders.csv,results\backtests\dividend_sleeve_oos_matrix\20260624_213021\baseline_r1_domestic_low_vol_ewma\single_515080\baseline_r1_domestic_low_vol_ewma_single_515080_oos_20260624_213022_852392\trades.csv,False,2023-12-14,2026-06-10,600,0.5121285400457809,0.18967204976443375,0.07197307839234308,-0.03918417555459297,2.6353193999912636,5052946.739618572,0.8167822223089892,5052946.739618572,1.944719576926165,0.8167822223089892,1211100.0,254331.0,54,141,54,87,"{'REJECTED': 87, 'FILLED': 54}","{'insufficient_cash_or_lot': 86, 'limit_down': 1}",1,3,0.05861419940615204,3,configs\baseline_r1_domestic_low_vol_ewma.yaml,baseline_r1_domestic_low_vol_ewma,baseline_r1_domestic_low_vol_ewma,single_515080,['CN_ETF:515080.SH'],2019-02-28,2023-12-14,2026-06-10,['risk_parity_ewma'],results\backtests\dividend_sleeve_oos_matrix\20260624_213021\baseline_r1_domestic_low_vol_ewma\single_515080\baseline_r1_domestic_low_vol_ewma_single_515080_oos_20260624_213022_852392
results\backtests\dividend_sleeve_oos_matrix\20260624_213021\baseline_r1_domestic_low_vol_ewma\single_563020\baseline_r1_domestic_low_vol_ewma_single_563020_oos_20260624_213023_156656,results\backtests\dividend_sleeve_oos_matrix\20260624_213021\baseline_r1_domestic_low_vol_ewma\single_563020\baseline_r1_domestic_low_vol_ewma_single_563020_oos_20260624_213023_156656\nav.csv,results\backtests\dividend_sleeve_oos_matrix\20260624_213021\baseline_r1_domestic_low_vol_ewma\single_563020\baseline_r1_domestic_low_vol_ewma_single_563020_oos_20260624_213023_156656\positions.csv,results\backtests\dividend_sleeve_oos_matrix\20260624_213021\baseline_r1_domestic_low_vol_ewma\single_563020\baseline_r1_domestic_low_vol_ewma_single_563020_oos_20260624_213023_156656\orders.csv,results\backtests\dividend_sleeve_oos_matrix\20260624_213021\baseline_r1_domestic_low_vol_ewma\single_563020\baseline_r1_domestic_low_vol_ewma_single_563020_oos_20260624_213023_156656\trades.csv,False,2023-12-14,2026-06-10,600,0.4851783578148141,0.18072026455327683,0.07016351883180909,-0.034913677180526625,2.575701269864848,4645646.140778419,0.7564179634876579,4645646.140778419,1.8009951511610902,0.7564179634876579,1248100.0,262101.0,52,197,52,145,"{'REJECTED': 145, 'FILLED': 52}","{'insufficient_cash_or_lot': 144, 'limit_down': 1}",0,3,0.05746655291379387,3,configs\baseline_r1_domestic_low_vol_ewma.yaml,baseline_r1_domestic_low_vol_ewma,baseline_r1_domestic_low_vol_ewma,single_563020,['CN_ETF:563020.SH'],2019-02-28,2023-12-14,2026-06-10,['risk_parity_ewma'],results\backtests\dividend_sleeve_oos_matrix\20260624_213021\baseline_r1_domestic_low_vol_ewma\single_563020\baseline_r1_domestic_low_vol_ewma_single_563020_oos_20260624_213023_156656
results\backtests\dividend_sleeve_oos_matrix\20260624_213021\baseline_r1_domestic_low_vol_ewma\split_515080_563020\baseline_r1_domestic_low_vol_ewma_split_515080_563020_oos_20260624_213023_483798,results\backtests\dividend_sleeve_oos_matrix\20260624_213021\baseline_r1_domestic_low_vol_ewma\split_515080_563020\baseline_r1_domestic_low_vol_ewma_split_515080_563020_oos_20260624_213023_483798\nav.csv,results\backtests\dividend_sleeve_oos_matrix\20260624_213021\baseline_r1_domestic_low_vol_ewma\split_515080_563020\baseline_r1_domestic_low_vol_ewma_split_515080_563020_oos_20260624_213023_483798\positions.csv,results\backtests\dividend_sleeve_oos_matrix\20260624_213021\baseline_r1_domestic_low_vol_ewma\split_515080_563020\baseline_r1_domestic_low_vol_ewma_split_515080_563020_oos_20260624_213023_483798\orders.csv,results\backtests\dividend_sleeve_oos_matrix\20260624_213021\baseline_r1_domestic_low_vol_ewma\split_515080_563020\baseline_r1_domestic_low_vol_ewma_split_515080_563020_oos_20260624_213023_483798\trades.csv,False,2023-12-14,2026-06-10,600,0.42834270282282305,0.16152782112943598,0.07533302813956322,-0.03718600783485149,2.144183303373745,4370299.543916107,0.7267542329166422,4370299.543916107,1.7303672212301004,0.7267542329166422,1309800.0,275058.0,62,176,62,114,"{'REJECTED': 114, 'FILLED': 62}","{'insufficient_cash_or_lot': 113, 'limit_down': 1}",0,4,0.05570962294547397,4,configs\baseline_r1_domestic_low_vol_ewma.yaml,baseline_r1_domestic_low_vol_ewma,baseline_r1_domestic_low_vol_ewma,split_515080_563020,"['CN_ETF:515080.SH', 'CN_ETF:563020.SH']",2019-02-28,2023-12-14,2026-06-10,['risk_parity_ewma'],results\backtests\dividend_sleeve_oos_matrix\20260624_213021\baseline_r1_domestic_low_vol_ewma\split_515080_563020\baseline_r1_domestic_low_vol_ewma_split_515080_563020_oos_20260624_213023_483798
results\backtests\dividend_sleeve_oos_matrix\20260624_213021\baseline_r1_domestic_rolling\single_515080\baseline_r1_domestic_rolling_single_515080_oos_20260624_213023_862074,results\backtests\dividend_sleeve_oos_matrix\20260624_213021\baseline_r1_domestic_rolling\single_515080\baseline_r1_domestic_rolling_single_515080_oos_20260624_213023_862074\nav.csv,results\backtests\dividend_sleeve_oos_matrix\20260624_213021\baseline_r1_domestic_rolling\single_515080\baseline_r1_domestic_rolling_single_515080_oos_20260624_213023_862074\positions.csv,results\backtests\dividend_sleeve_oos_matrix\20260624_213021\baseline_r1_domestic_rolling\single_515080\baseline_r1_domestic_rolling_single_515080_oos_20260624_213023_862074\orders.csv,results\backtests\dividend_sleeve_oos_matrix\20260624_213021\baseline_r1_domestic_rolling\single_515080\baseline_r1_domestic_rolling_single_515080_oos_20260624_213023_862074\trades.csv,False,2023-12-14,2026-06-10,600,0.49836541482769836,0.18511215064276243,0.06981405973589731,-0.052114320015118065,2.6515024529877125,2634413.4022943093,0.43132686537117576,2634413.4022943093,1.026968727074228,0.43132686537117576,517800.0,108738.0,30,54,30,24,"{'FILLED': 30, 'REJECTED': 24}",{'insufficient_cash_or_lot': 24},0,4,0.059057107421582,4,configs\baseline_r1_domestic_rolling.yaml,baseline_r1_domestic_rolling,baseline_r1_domestic_rolling,single_515080,['CN_ETF:515080.SH'],2019-02-28,2023-12-14,2026-06-10,['risk_parity'],results\backtests\dividend_sleeve_oos_matrix\20260624_213021\baseline_r1_domestic_rolling\single_515080\baseline_r1_domestic_rolling_single_515080_oos_20260624_213023_862074
results\backtests\dividend_sleeve_oos_matrix\20260624_213021\baseline_r1_domestic_rolling\single_563020\baseline_r1_domestic_rolling_single_563020_oos_20260624_213024_181700,results\backtests\dividend_sleeve_oos_matrix\20260624_213021\baseline_r1_domestic_rolling\single_563020\baseline_r1_domestic_rolling_single_563020_oos_20260624_213024_181700\nav.csv,results\backtests\dividend_sleeve_oos_matrix\20260624_213021\baseline_r1_domestic_rolling\single_563020\baseline_r1_domestic_rolling_single_563020_oos_20260624_213024_181700\positions.csv,results\backtests\dividend_sleeve_oos_matrix\20260624_213021\baseline_r1_domestic_rolling\single_563020\baseline_r1_domestic_rolling_single_563020_oos_20260624_213024_181700\orders.csv,results\backtests\dividend_sleeve_oos_matrix\20260624_213021\baseline_r1_domestic_rolling\single_563020\baseline_r1_domestic_rolling_single_563020_oos_20260624_213024_181700\trades.csv,False,2023-12-14,2026-06-10,600,0.49483597780964095,0.18393889305352373,0.07027708749472582,-0.04949493874767108,2.61733802026625,2647180.3420635783,0.4326606509097291,2647180.3420635783,1.0301444069279264,0.4326606509097291,615400.0,129234.0,35,38,35,3,"{'FILLED': 35, 'REJECTED': 3}",{'insufficient_cash_or_lot': 3},0,4,0.058405573463247165,4,configs\baseline_r1_domestic_rolling.yaml,baseline_r1_domestic_rolling,baseline_r1_domestic_rolling,single_563020,['CN_ETF:563020.SH'],2019-02-28,2023-12-14,2026-06-10,['risk_parity'],results\backtests\dividend_sleeve_oos_matrix\20260624_213021\baseline_r1_domestic_rolling\single_563020\baseline_r1_domestic_rolling_single_563020_oos_20260624_213024_181700
results\backtests\dividend_sleeve_oos_matrix\20260624_213021\baseline_r1_domestic_rolling\split_515080_563020\baseline_r1_domestic_rolling_split_515080_563020_oos_20260624_213024_502305,results\backtests\dividend_sleeve_oos_matrix\20260624_213021\baseline_r1_domestic_rolling\split_515080_563020\baseline_r1_domestic_rolling_split_515080_563020_oos_20260624_213024_502305\nav.csv,results\backtests\dividend_sleeve_oos_matrix\20260624_213021\baseline_r1_domestic_rolling\split_515080_563020\baseline_r1_domestic_rolling_split_515080_563020_oos_20260624_213024_502305\positions.csv,results\backtests\dividend_sleeve_oos_matrix\20260624_213021\baseline_r1_domestic_rolling\split_515080_563020\baseline_r1_domestic_rolling_split_515080_563020_oos_20260624_213024_502305\orders.csv,results\backtests\dividend_sleeve_oos_matrix\20260624_213021\baseline_r1_domestic_rolling\split_515080_563020\baseline_r1_domestic_rolling_split_515080_563020_oos_20260624_213024_502305\trades.csv,False,2023-12-14,2026-06-10,600,0.46087449154760507,0.1725663330341165,0.07069429432759337,-0.04905610892237011,2.441022075055362,2628403.1209246614,0.43513462279792986,2628403.1209246614,1.0360348161855473,0.43513462279792986,655100.0,137571.0,41,99,41,58,"{'REJECTED': 58, 'FILLED': 41}",{'insufficient_cash_or_lot': 58},0,5,0.05856738772844725,5,configs\baseline_r1_domestic_rolling.yaml,baseline_r1_domestic_rolling,baseline_r1_domestic_rolling,split_515080_563020,"['CN_ETF:515080.SH', 'CN_ETF:563020.SH']",2019-02-28,2023-12-14,2026-06-10,['risk_parity'],results\backtests\dividend_sleeve_oos_matrix\20260624_213021\baseline_r1_domestic_rolling\split_515080_563020\baseline_r1_domestic_rolling_split_515080_563020_oos_20260624_213024_502305
results\backtests\dividend_sleeve_oos_matrix\20260624_213021\baseline_r2_global_dividend_ewma\single_515080\baseline_r2_global_dividend_ewma_single_515080_oos_20260624_213024_858475,results\backtests\dividend_sleeve_oos_matrix\20260624_213021\baseline_r2_global_dividend_ewma\single_515080\baseline_r2_global_dividend_ewma_single_515080_oos_20260624_213024_858475\nav.csv,results\backtests\dividend_sleeve_oos_matrix\20260624_213021\baseline_r2_global_dividend_ewma\single_515080\baseline_r2_global_dividend_ewma_single_515080_oos_20260624_213024_858475\positions.csv,results\backtests\dividend_sleeve_oos_matrix\20260624_213021\baseline_r2_global_dividend_ewma\single_515080\baseline_r2_global_dividend_ewma_single_515080_oos_20260624_213024_858475\orders.csv,results\backtests\dividend_sleeve_oos_matrix\20260624_213021\baseline_r2_global_dividend_ewma\single_515080\baseline_r2_global_dividend_ewma_single_515080_oos_20260624_213024_858475\trades.csv,False,2023-12-14,2026-06-10,600,0.4386461542395128,0.16503956788066176,0.07003738097933739,-0.048834208546398195,2.3564497354541594,6170796.1903522825,1.0380626198555951,6170796.1903522825,2.4715776663228453,1.0380626198555951,1694500.0,355845.0,153,331,153,178,"{'REJECTED': 178, 'FILLED': 153}",{'insufficient_cash_or_lot': 178},1,4,0.05718977152232759,4,configs\baseline_r2_global_dividend_ewma.yaml,baseline_r2_global_dividend_ewma,baseline_r2_global_dividend_ewma,single_515080,['CN_ETF:515080.SH'],2019-02-28,2023-12-14,2026-06-10,['risk_parity_lw_cov'],results\backtests\dividend_sleeve_oos_matrix\20260624_213021\baseline_r2_global_dividend_ewma\single_515080\baseline_r2_global_dividend_ewma_single_515080_oos_20260624_213024_858475
results\backtests\dividend_sleeve_oos_matrix\20260624_213021\baseline_r2_global_dividend_ewma\single_563020\baseline_r2_global_dividend_ewma_single_563020_oos_20260624_213027_159919,results\backtests\dividend_sleeve_oos_matrix\20260624_213021\baseline_r2_global_dividend_ewma\single_563020\baseline_r2_global_dividend_ewma_single_563020_oos_20260624_213027_159919\nav.csv,results\backtests\dividend_sleeve_oos_matrix\20260624_213021\baseline_r2_global_dividend_ewma\single_563020\baseline_r2_global_dividend_ewma_single_563020_oos_20260624_213027_159919\positions.csv,results\backtests\dividend_sleeve_oos_matrix\20260624_213021\baseline_r2_global_dividend_ewma\single_563020\baseline_r2_global_dividend_ewma_single_563020_oos_20260624_213027_159919\orders.csv,results\backtests\dividend_sleeve_oos_matrix\20260624_213021\baseline_r2_global_dividend_ewma\single_563020\baseline_r2_global_dividend_ewma_single_563020_oos_20260624_213027_159919\trades.csv,False,2023-12-14,2026-06-10,600,0.47250928937483394,0.1764795382024582,0.06997973399591645,-0.0466523998350965,2.5218663765249003,5690281.054877106,0.9385694355306831,5690281.054877106,2.234689132215912,0.9385694355306831,1804100.0,378861.0,137,278,137,141,"{'REJECTED': 141, 'FILLED': 137}","{'insufficient_cash_or_lot': 140, 'limit_up': 1}",0,4,0.05735375904267623,4,configs\baseline_r2_global_dividend_ewma.yaml,baseline_r2_global_dividend_ewma,baseline_r2_global_dividend_ewma,single_563020,['CN_ETF:563020.SH'],2019-02-28,2023-12-14,2026-06-10,['risk_parity_lw_cov'],results\backtests\dividend_sleeve_oos_matrix\20260624_213021\baseline_r2_global_dividend_ewma\single_563020\baseline_r2_global_dividend_ewma_single_563020_oos_20260624_213027_159919
results\backtests\dividend_sleeve_oos_matrix\20260624_213021\baseline_r2_global_dividend_ewma\split_515080_563020\baseline_r2_global_dividend_ewma_split_515080_563020_oos_20260624_213029_299513,results\backtests\dividend_sleeve_oos_matrix\20260624_213021\baseline_r2_global_dividend_ewma\split_515080_563020\baseline_r2_global_dividend_ewma_split_515080_563020_oos_20260624_213029_299513\nav.csv,results\backtests\dividend_sleeve_oos_matrix\20260624_213021\baseline_r2_global_dividend_ewma\split_515080_563020\baseline_r2_global_dividend_ewma_split_515080_563020_oos_20260624_213029_299513\positions.csv,results\backtests\dividend_sleeve_oos_matrix\20260624_213021\baseline_r2_global_dividend_ewma\split_515080_563020\baseline_r2_global_dividend_ewma_split_515080_563020_oos_20260624_213029_299513\orders.csv,results\backtests\dividend_sleeve_oos_matrix\20260624_213021\baseline_r2_global_dividend_ewma\split_515080_563020\baseline_r2_global_dividend_ewma_split_515080_563020_oos_20260624_213029_299513\trades.csv,False,2023-12-14,2026-06-10,600,0.41757814973055885,0.157843186693297,0.07092508278393989,-0.045290085407209024,2.2254917512629064,5973912.714644834,1.0087198358688019,5973912.714644834,2.401713894925719,1.0087198358688019,2126100.0,446481.0,168,351,168,183,"{'REJECTED': 183, 'FILLED': 168}",{'insufficient_cash_or_lot': 183},1,5,0.055878125930863526,5,configs\baseline_r2_global_dividend_ewma.yaml,baseline_r2_global_dividend_ewma,baseline_r2_global_dividend_ewma,split_515080_563020,"['CN_ETF:515080.SH', 'CN_ETF:563020.SH']",2019-02-28,2023-12-14,2026-06-10,['risk_parity_lw_cov'],results\backtests\dividend_sleeve_oos_matrix\20260624_213021\baseline_r2_global_dividend_ewma\split_515080_563020\baseline_r2_global_dividend_ewma_split_515080_563020_oos_20260624_213029_299513
results\backtests\dividend_sleeve_oos_matrix\20260624_213021\baseline_r2_global_ewma\single_515080\baseline_r2_global_ewma_single_515080_oos_20260624_213031_571050,results\backtests\dividend_sleeve_oos_matrix\20260624_213021\baseline_r2_global_ewma\single_515080\baseline_r2_global_ewma_single_515080_oos_20260624_213031_571050\nav.csv,results\backtests\dividend_sleeve_oos_matrix\20260624_213021\baseline_r2_global_ewma\single_515080\baseline_r2_global_ewma_single_515080_oos_20260624_213031_571050\positions.csv,results\backtests\dividend_sleeve_oos_matrix\20260624_213021\baseline_r2_global_ewma\single_515080\baseline_r2_global_ewma_single_515080_oos_20260624_213031_571050\orders.csv,results\backtests\dividend_sleeve_oos_matrix\20260624_213021\baseline_r2_global_ewma\single_515080\baseline_r2_global_ewma_single_515080_oos_20260624_213031_571050\trades.csv,False,2023-12-14,2026-06-10,600,0.4969905662851335,0.18465531344132713,0.0724051991380759,-0.05261171102138518,2.5503046140262873,6121668.023243461,1.007973467958676,6121668.023243461,2.399936828473038,1.007973467958676,1638600.0,344106.0,167,343,167,176,"{'REJECTED': 176, 'FILLED': 167}","{'insufficient_cash_or_lot': 175, 'limit_down': 1}",1,5,0.056280771020328246,5,configs\baseline_r2_global_ewma.yaml,baseline_r2_global_ewma,baseline_r2_global_ewma,single_515080,['CN_ETF:515080.SH'],2019-02-28,2023-12-14,2026-06-10,['risk_parity_lw_cov'],results\backtests\dividend_sleeve_oos_matrix\20260624_213021\baseline_r2_global_ewma\single_515080\baseline_r2_global_ewma_single_515080_oos_20260624_213031_571050
results\backtests\dividend_sleeve_oos_matrix\20260624_213021\baseline_r2_global_ewma\single_563020\baseline_r2_global_ewma_single_563020_oos_20260624_213033_844687,results\backtests\dividend_sleeve_oos_matrix\20260624_213021\baseline_r2_global_ewma\single_563020\baseline_r2_global_ewma_single_563020_oos_20260624_213033_844687\nav.csv,results\backtests\dividend_sleeve_oos_matrix\20260624_213021\baseline_r2_global_ewma\single_563020\baseline_r2_global_ewma_single_563020_oos_20260624_213033_844687\positions.csv,results\backtests\dividend_sleeve_oos_matrix\20260624_213021\baseline_r2_global_ewma\single_563020\baseline_r2_global_ewma_single_563020_oos_20260624_213033_844687\orders.csv,results\backtests\dividend_sleeve_oos_matrix\20260624_213021\baseline_r2_global_ewma\single_563020\baseline_r2_global_ewma_single_563020_oos_20260624_213033_844687\trades.csv,False,2023-12-14,2026-06-10,600,0.5055658973464232,0.1875007783770739,0.07137268263542385,-0.05010014335754864,2.6270664272889905,5609453.671076288,0.9201556641336488,5609453.671076288,2.1908468193658304,0.9201556641336488,1625000.0,341250.0,149,320,149,171,"{'REJECTED': 171, 'FILLED': 149}",{'insufficient_cash_or_lot': 171},0,5,0.05648066864460316,5,configs\baseline_r2_global_ewma.yaml,baseline_r2_global_ewma,baseline_r2_global_ewma,single_563020,['CN_ETF:563020.SH'],2019-02-28,2023-12-14,2026-06-10,['risk_parity_lw_cov'],results\backtests\dividend_sleeve_oos_matrix\20260624_213021\baseline_r2_global_ewma\single_563020\baseline_r2_global_ewma_single_563020_oos_20260624_213033_844687
results\backtests\dividend_sleeve_oos_matrix\20260624_213021\baseline_r2_global_ewma\split_515080_563020\baseline_r2_global_ewma_split_515080_563020_oos_20260624_213036_147341,results\backtests\dividend_sleeve_oos_matrix\20260624_213021\baseline_r2_global_ewma\split_515080_563020\baseline_r2_global_ewma_split_515080_563020_oos_20260624_213036_147341\nav.csv,results\backtests\dividend_sleeve_oos_matrix\20260624_213021\baseline_r2_global_ewma\split_515080_563020\baseline_r2_global_ewma_split_515080_563020_oos_20260624_213036_147341\positions.csv,results\backtests\dividend_sleeve_oos_matrix\20260624_213021\baseline_r2_global_ewma\split_515080_563020\baseline_r2_global_ewma_split_515080_563020_oos_20260624_213036_147341\orders.csv,results\backtests\dividend_sleeve_oos_matrix\20260624_213021\baseline_r2_global_ewma\split_515080_563020\baseline_r2_global_ewma_split_515080_563020_oos_20260624_213036_147341\trades.csv,False,2023-12-14,2026-06-10,600,0.45933467788180127,0.1720470850979865,0.07348948569678199,-0.046327086668707995,2.341111568093614,6249232.5838099485,1.043141390114808,6249232.5838099485,2.483669976463829,1.043141390114808,2055300.0,431613.0,184,414,184,230,"{'REJECTED': 230, 'FILLED': 184}",{'insufficient_cash_or_lot': 230},0,6,0.0554648785514949,6,configs\baseline_r2_global_ewma.yaml,baseline_r2_global_ewma,baseline_r2_global_ewma,split_515080_563020,"['CN_ETF:515080.SH', 'CN_ETF:563020.SH']",2019-02-28,2023-12-14,2026-06-10,['risk_parity_lw_cov'],results\backtests\dividend_sleeve_oos_matrix\20260624_213021\baseline_r2_global_ewma\split_515080_563020\baseline_r2_global_ewma_split_515080_563020_oos_20260624_213036_147341
results\backtests\dividend_sleeve_oos_matrix\20260624_213021\baseline_r3_global_nasdaq_all_weather_ewma\single_515080\baseline_r3_global_nasdaq_all_weather_ewma_single_515080_oos_20260624_213038_771064,results\backtests\dividend_sleeve_oos_matrix\20260624_213021\baseline_r3_global_nasdaq_all_weather_ewma\single_515080\baseline_r3_global_nasdaq_all_weather_ewma_single_515080_oos_20260624_213038_771064\nav.csv,results\backtests\dividend_sleeve_oos_matrix\20260624_213021\baseline_r3_global_nasdaq_all_weather_ewma\single_515080\baseline_r3_global_nasdaq_all_weather_ewma_single_515080_oos_20260624_213038_771064\positions.csv,results\backtests\dividend_sleeve_oos_matrix\20260624_213021\baseline_r3_global_nasdaq_all_weather_ewma\single_515080\baseline_r3_global_nasdaq_all_weather_ewma_single_515080_oos_20260624_213038_771064\orders.csv,results\backtests\dividend_sleeve_oos_matrix\20260624_213021\baseline_r3_global_nasdaq_all_weather_ewma\single_515080\baseline_r3_global_nasdaq_all_weather_ewma_single_515080_oos_20260624_213038_771064\trades.csv,False,2023-12-14,2026-06-10,600,0.47971090625380164,0.1788927243458236,0.07325735211705786,-0.05620948728856057,2.4419763911200483,5520220.480358622,0.942008918422626,5520220.480358622,2.2428783771967287,0.942008918422626,1908500.0,400785.0,120,307,120,187,"{'REJECTED': 187, 'FILLED': 120}",{'insufficient_cash_or_lot': 187},7,7,0.05505868738247496,7,configs\baseline_r3_global_nasdaq_all_weather_ewma.yaml,baseline_r3_global_nasdaq_all_weather_ewma,baseline_r3_global_nasdaq_all_weather_ewma,single_515080,['CN_ETF:515080.SH'],2022-05-31,2023-12-14,2026-06-10,['risk_parity_lw_cov'],results\backtests\dividend_sleeve_oos_matrix\20260624_213021\baseline_r3_global_nasdaq_all_weather_ewma\single_515080\baseline_r3_global_nasdaq_all_weather_ewma_single_515080_oos_20260624_213038_771064
results\backtests\dividend_sleeve_oos_matrix\20260624_213021\baseline_r3_global_nasdaq_all_weather_ewma\single_563020\baseline_r3_global_nasdaq_all_weather_ewma_single_563020_oos_20260624_213039_345199,results\backtests\dividend_sleeve_oos_matrix\20260624_213021\baseline_r3_global_nasdaq_all_weather_ewma\single_563020\baseline_r3_global_nasdaq_all_weather_ewma_single_563020_oos_20260624_213039_345199\nav.csv,results\backtests\dividend_sleeve_oos_matrix\20260624_213021\baseline_r3_global_nasdaq_all_weather_ewma\single_563020\baseline_r3_global_nasdaq_all_weather_ewma_single_563020_oos_20260624_213039_345199\positions.csv,results\backtests\dividend_sleeve_oos_matrix\20260624_213021\baseline_r3_global_nasdaq_all_weather_ewma\single_563020\baseline_r3_global_nasdaq_all_weather_ewma_single_563020_oos_20260624_213039_345199\orders.csv,results\backtests\dividend_sleeve_oos_matrix\20260624_213021\baseline_r3_global_nasdaq_all_weather_ewma\single_563020\baseline_r3_global_nasdaq_all_weather_ewma_single_563020_oos_20260624_213039_345199\trades.csv,False,2023-12-14,2026-06-10,600,0.46713421025321855,0.17467394103285838,0.07083726947167089,-0.054930854270013096,2.465848025137582,5101178.128013928,0.8707330137552636,5101178.128013928,2.073173842274437,0.8707330137552636,1867900.0,392259.0,109,317,109,208,"{'REJECTED': 208, 'FILLED': 109}",{'insufficient_cash_or_lot': 208},7,7,0.055726408418485904,7,configs\baseline_r3_global_nasdaq_all_weather_ewma.yaml,baseline_r3_global_nasdaq_all_weather_ewma,baseline_r3_global_nasdaq_all_weather_ewma,single_563020,['CN_ETF:563020.SH'],2022-05-31,2023-12-14,2026-06-10,['risk_parity_lw_cov'],results\backtests\dividend_sleeve_oos_matrix\20260624_213021\baseline_r3_global_nasdaq_all_weather_ewma\single_563020\baseline_r3_global_nasdaq_all_weather_ewma_single_563020_oos_20260624_213039_345199
results\backtests\dividend_sleeve_oos_matrix\20260624_213021\baseline_r3_global_nasdaq_all_weather_ewma\split_515080_563020\baseline_r3_global_nasdaq_all_weather_ewma_split_515080_563020_oos_20260624_213039_923946,results\backtests\dividend_sleeve_oos_matrix\20260624_213021\baseline_r3_global_nasdaq_all_weather_ewma\split_515080_563020\baseline_r3_global_nasdaq_all_weather_ewma_split_515080_563020_oos_20260624_213039_923946\nav.csv,results\backtests\dividend_sleeve_oos_matrix\20260624_213021\baseline_r3_global_nasdaq_all_weather_ewma\split_515080_563020\baseline_r3_global_nasdaq_all_weather_ewma_split_515080_563020_oos_20260624_213039_923946\positions.csv,results\backtests\dividend_sleeve_oos_matrix\20260624_213021\baseline_r3_global_nasdaq_all_weather_ewma\split_515080_563020\baseline_r3_global_nasdaq_all_weather_ewma_split_515080_563020_oos_20260624_213039_923946\orders.csv,results\backtests\dividend_sleeve_oos_matrix\20260624_213021\baseline_r3_global_nasdaq_all_weather_ewma\split_515080_563020\baseline_r3_global_nasdaq_all_weather_ewma_split_515080_563020_oos_20260624_213039_923946\trades.csv,False,2023-12-14,2026-06-10,600,0.44986689297777693,0.16884740204266935,0.07319143148844451,-0.05944535857366484,2.3069285380670146,5208450.260037126,0.8978190445459555,5208450.260037126,2.1376643917760845,0.8978190445459555,1988000.0,417480.0,132,326,132,194,"{'REJECTED': 194, 'FILLED': 132}",{'insufficient_cash_or_lot': 194},8,8,0.05707576520756958,8,configs\baseline_r3_global_nasdaq_all_weather_ewma.yaml,baseline_r3_global_nasdaq_all_weather_ewma,baseline_r3_global_nasdaq_all_weather_ewma,split_515080_563020,"['CN_ETF:515080.SH', 'CN_ETF:563020.SH']",2022-05-31,2023-12-14,2026-06-10,['risk_parity_lw_cov'],results\backtests\dividend_sleeve_oos_matrix\20260624_213021\baseline_r3_global_nasdaq_all_weather_ewma\split_515080_563020\baseline_r3_global_nasdaq_all_weather_ewma_split_515080_563020_oos_20260624_213039_923946
results\backtests\dividend_sleeve_oos_matrix\20260624_213021\baseline_us_blend_ewma\single_515080\baseline_us_blend_ewma_single_515080_oos_20260624_213040_529082,results\backtests\dividend_sleeve_oos_matrix\20260624_213021\baseline_us_blend_ewma\single_515080\baseline_us_blend_ewma_single_515080_oos_20260624_213040_529082\nav.csv,results\backtests\dividend_sleeve_oos_matrix\20260624_213021\baseline_us_blend_ewma\single_515080\baseline_us_blend_ewma_single_515080_oos_20260624_213040_529082\positions.csv,results\backtests\dividend_sleeve_oos_matrix\20260624_213021\baseline_us_blend_ewma\single_515080\baseline_us_blend_ewma_single_515080_oos_20260624_213040_529082\orders.csv,results\backtests\dividend_sleeve_oos_matrix\20260624_213021\baseline_us_blend_ewma\single_515080\baseline_us_blend_ewma_single_515080_oos_20260624_213040_529082\trades.csv,False,2023-12-14,2026-06-10,600,0.5333134194522822,0.19664407104669546,0.07638558846183544,-0.05726582959091775,2.5743608841207632,5235340.6472856505,0.8609218529553896,5235340.6472856505,2.0498139356080705,0.8609218529553896,1304800.0,274008.0,103,239,103,136,"{'REJECTED': 136, 'FILLED': 103}",{'insufficient_cash_or_lot': 136},0,6,0.0590569329628705,6,configs\baseline_us_blend_ewma.yaml,baseline_us_blend_ewma,baseline_us_blend_ewma,single_515080,['CN_ETF:515080.SH'],2019-02-28,2023-12-14,2026-06-10,['risk_parity_lw_cov'],results\backtests\dividend_sleeve_oos_matrix\20260624_213021\baseline_us_blend_ewma\single_515080\baseline_us_blend_ewma_single_515080_oos_20260624_213040_529082
results\backtests\dividend_sleeve_oos_matrix\20260624_213021\baseline_us_blend_ewma\single_563020\baseline_us_blend_ewma_single_563020_oos_20260624_213041_050434,results\backtests\dividend_sleeve_oos_matrix\20260624_213021\baseline_us_blend_ewma\single_563020\baseline_us_blend_ewma_single_563020_oos_20260624_213041_050434\nav.csv,results\backtests\dividend_sleeve_oos_matrix\20260624_213021\baseline_us_blend_ewma\single_563020\baseline_us_blend_ewma_single_563020_oos_20260624_213041_050434\positions.csv,results\backtests\dividend_sleeve_oos_matrix\20260624_213021\baseline_us_blend_ewma\single_563020\baseline_us_blend_ewma_single_563020_oos_20260624_213041_050434\orders.csv,results\backtests\dividend_sleeve_oos_matrix\20260624_213021\baseline_us_blend_ewma\single_563020\baseline_us_blend_ewma_single_563020_oos_20260624_213041_050434\trades.csv,False,2023-12-14,2026-06-10,600,0.5719159682384449,0.2092060650307106,0.07682923918464518,-0.05528506554288648,2.723000608243974,5753982.105920294,0.9264612406102657,5753982.105920294,2.205860096691109,0.9264612406102657,1596400.0,335244.0,99,241,99,142,"{'REJECTED': 142, 'FILLED': 99}",{'insufficient_cash_or_lot': 142},0,6,0.0590013934873571,6,configs\baseline_us_blend_ewma.yaml,baseline_us_blend_ewma,baseline_us_blend_ewma,single_563020,['CN_ETF:563020.SH'],2019-02-28,2023-12-14,2026-06-10,['risk_parity_lw_cov'],results\backtests\dividend_sleeve_oos_matrix\20260624_213021\baseline_us_blend_ewma\single_563020\baseline_us_blend_ewma_single_563020_oos_20260624_213041_050434
results\backtests\dividend_sleeve_oos_matrix\20260624_213021\baseline_us_blend_ewma\split_515080_563020\baseline_us_blend_ewma_split_515080_563020_oos_20260624_213041_577486,results\backtests\dividend_sleeve_oos_matrix\20260624_213021\baseline_us_blend_ewma\split_515080_563020\baseline_us_blend_ewma_split_515080_563020_oos_20260624_213041_577486\nav.csv,results\backtests\dividend_sleeve_oos_matrix\20260624_213021\baseline_us_blend_ewma\split_515080_563020\baseline_us_blend_ewma_split_515080_563020_oos_20260624_213041_577486\positions.csv,results\backtests\dividend_sleeve_oos_matrix\20260624_213021\baseline_us_blend_ewma\split_515080_563020\baseline_us_blend_ewma_split_515080_563020_oos_20260624_213041_577486\orders.csv,results\backtests\dividend_sleeve_oos_matrix\20260624_213021\baseline_us_blend_ewma\split_515080_563020\baseline_us_blend_ewma_split_515080_563020_oos_20260624_213041_577486\trades.csv,False,2023-12-14,2026-06-10,600,0.5429105055746748,0.19978411926546236,0.0788145613517562,-0.054516793799399665,2.53486304864159,5843559.986231337,0.9465653118131223,5843559.986231337,2.2537269328883864,0.9465653118131223,1833900.0,385119.0,124,364,124,240,"{'REJECTED': 240, 'FILLED': 124}",{'insufficient_cash_or_lot': 240},0,7,0.05567732264039485,7,configs\baseline_us_blend_ewma.yaml,baseline_us_blend_ewma,baseline_us_blend_ewma,split_515080_563020,"['CN_ETF:515080.SH', 'CN_ETF:563020.SH']",2019-02-28,2023-12-14,2026-06-10,['risk_parity_lw_cov'],results\backtests\dividend_sleeve_oos_matrix\20260624_213021\baseline_us_blend_ewma\split_515080_563020\baseline_us_blend_ewma_split_515080_563020_oos_20260624_213041_577486
results\backtests\dividend_sleeve_oos_matrix\20260624_213021\demo_r1_domestic_ewma_cov\single_515080\demo_r1_domestic_ewma_cov_single_515080_oos_20260624_213042_119322,results\backtests\dividend_sleeve_oos_matrix\20260624_213021\demo_r1_domestic_ewma_cov\single_515080\demo_r1_domestic_ewma_cov_single_515080_oos_20260624_213042_119322\nav.csv,results\backtests\dividend_sleeve_oos_matrix\20260624_213021\demo_r1_domestic_ewma_cov\single_515080\demo_r1_domestic_ewma_cov_single_515080_oos_20260624_213042_119322\positions.csv,results\backtests\dividend_sleeve_oos_matrix\20260624_213021\demo_r1_domestic_ewma_cov\single_515080\demo_r1_domestic_ewma_cov_single_515080_oos_20260624_213042_119322\orders.csv,results\backtests\dividend_sleeve_oos_matrix\20260624_213021\demo_r1_domestic_ewma_cov\single_515080\demo_r1_domestic_ewma_cov_single_515080_oos_20260624_213042_119322\trades.csv,False,2023-12-14,2026-06-18,606,0.2454788758642681,0.09558184139133563,0.03853762979152651,-0.030983895593513,2.4802210698581098,2143160.98986,0.3903858562735185,2143160.98986,0.9387850353244135,0.3903858562735185,301300.0,62646.53465346535,25,83,25,58,"{'REJECTED': 58, 'FILLED': 25}",{'insufficient_cash_or_lot': 58},0,4,0.05876065031235192,4,configs\demo_r1_domestic_ewma_cov.yaml,demo_r1_domestic_ewma_cov,demo_r1_domestic_ewma_cov,single_515080,['CN_ETF:515080.SH'],2019-02-28,2023-12-14,2026-06-18,['risk_parity_ewma_cov'],results\backtests\dividend_sleeve_oos_matrix\20260624_213021\demo_r1_domestic_ewma_cov\single_515080\demo_r1_domestic_ewma_cov_single_515080_oos_20260624_213042_119322
results\backtests\dividend_sleeve_oos_matrix\20260624_213021\demo_r1_domestic_ewma_cov\single_563020\demo_r1_domestic_ewma_cov_single_563020_oos_20260624_213042_436899,results\backtests\dividend_sleeve_oos_matrix\20260624_213021\demo_r1_domestic_ewma_cov\single_563020\demo_r1_domestic_ewma_cov_single_563020_oos_20260624_213042_436899\nav.csv,results\backtests\dividend_sleeve_oos_matrix\20260624_213021\demo_r1_domestic_ewma_cov\single_563020\demo_r1_domestic_ewma_cov_single_563020_oos_20260624_213042_436899\positions.csv,results\backtests\dividend_sleeve_oos_matrix\20260624_213021\demo_r1_domestic_ewma_cov\single_563020\demo_r1_domestic_ewma_cov_single_563020_oos_20260624_213042_436899\orders.csv,results\backtests\dividend_sleeve_oos_matrix\20260624_213021\demo_r1_domestic_ewma_cov\single_563020\demo_r1_domestic_ewma_cov_single_563020_oos_20260624_213042_436899\trades.csv,False,2023-12-14,2026-06-18,606,0.24696042346248803,0.0961235941881704,0.03828178815286639,-0.030868461660125357,2.5109483863274824,2105625.358,0.3825954446891653,2105625.358,0.920050950323945,0.3825954446891653,316000.0,65702.97029702971,27,83,27,56,"{'REJECTED': 56, 'FILLED': 27}",{'insufficient_cash_or_lot': 56},0,4,0.05720800122387592,4,configs\demo_r1_domestic_ewma_cov.yaml,demo_r1_domestic_ewma_cov,demo_r1_domestic_ewma_cov,single_563020,['CN_ETF:563020.SH'],2019-02-28,2023-12-14,2026-06-18,['risk_parity_ewma_cov'],results\backtests\dividend_sleeve_oos_matrix\20260624_213021\demo_r1_domestic_ewma_cov\single_563020\demo_r1_domestic_ewma_cov_single_563020_oos_20260624_213042_436899
results\backtests\dividend_sleeve_oos_matrix\20260624_213021\demo_r1_domestic_ewma_cov\split_515080_563020\demo_r1_domestic_ewma_cov_split_515080_563020_oos_20260624_213042_755721,results\backtests\dividend_sleeve_oos_matrix\20260624_213021\demo_r1_domestic_ewma_cov\split_515080_563020\demo_r1_domestic_ewma_cov_split_515080_563020_oos_20260624_213042_755721\nav.csv,results\backtests\dividend_sleeve_oos_matrix\20260624_213021\demo_r1_domestic_ewma_cov\split_515080_563020\demo_r1_domestic_ewma_cov_split_515080_563020_oos_20260624_213042_755721\positions.csv,results\backtests\dividend_sleeve_oos_matrix\20260624_213021\demo_r1_domestic_ewma_cov\split_515080_563020\demo_r1_domestic_ewma_cov_split_515080_563020_oos_20260624_213042_755721\orders.csv,results\backtests\dividend_sleeve_oos_matrix\20260624_213021\demo_r1_domestic_ewma_cov\split_515080_563020\demo_r1_domestic_ewma_cov_split_515080_563020_oos_20260624_213042_755721\trades.csv,False,2023-12-14,2026-06-18,606,0.2313723041570881,0.090404571249602,0.03924735989340694,-0.029189024565595578,2.303456117688793,2153167.57044,0.39321572710769215,2153167.57044,0.9455902009018311,0.39321572710769215,369500.0,76826.73267326732,32,266,32,234,"{'REJECTED': 234, 'FILLED': 32}",{'insufficient_cash_or_lot': 234},0,5,0.05724070714145994,5,configs\demo_r1_domestic_ewma_cov.yaml,demo_r1_domestic_ewma_cov,demo_r1_domestic_ewma_cov,split_515080_563020,"['CN_ETF:515080.SH', 'CN_ETF:563020.SH']",2019-02-28,2023-12-14,2026-06-18,['risk_parity_ewma_cov'],results\backtests\dividend_sleeve_oos_matrix\20260624_213021\demo_r1_domestic_ewma_cov\split_515080_563020\demo_r1_domestic_ewma_cov_split_515080_563020_oos_20260624_213042_755721
results\backtests\dividend_sleeve_oos_matrix\20260624_213021\r1_domestic_ewma_10y_bond_3x_vol\single_515080\r1_domestic_ewma_10y_bond_3x_vol_single_515080_oos_20260624_213043_121665,results\backtests\dividend_sleeve_oos_matrix\20260624_213021\r1_domestic_ewma_10y_bond_3x_vol\single_515080\r1_domestic_ewma_10y_bond_3x_vol_single_515080_oos_20260624_213043_121665\nav.csv,results\backtests\dividend_sleeve_oos_matrix\20260624_213021\r1_domestic_ewma_10y_bond_3x_vol\single_515080\r1_domestic_ewma_10y_bond_3x_vol_single_515080_oos_20260624_213043_121665\positions.csv,results\backtests\dividend_sleeve_oos_matrix\20260624_213021\r1_domestic_ewma_10y_bond_3x_vol\single_515080\r1_domestic_ewma_10y_bond_3x_vol_single_515080_oos_20260624_213043_121665\orders.csv,results\backtests\dividend_sleeve_oos_matrix\20260624_213021\r1_domestic_ewma_10y_bond_3x_vol\single_515080\r1_domestic_ewma_10y_bond_3x_vol_single_515080_oos_20260624_213043_121665\trades.csv,False,2023-12-14,2026-06-10,600,0.6191769859880141,0.2243444457895698,0.10605264180182006,-0.0736099486571733,2.115406480951233,5459346.130068544,0.8565475331098726,5459346.130068544,2.0393988883568395,0.8565475331098726,1446200.0,303702.0,57,148,57,91,"{'REJECTED': 91, 'FILLED': 57}","{'insufficient_cash_or_lot': 90, 'limit_down': 1}",1,4,0.057748806582107334,4,configs\r1_domestic_ewma_10y_bond_3x_vol.yaml,r1_domestic_ewma_10y_bond_3x_vol,r1_domestic_ewma_10y_bond_3x_vol,single_515080,['CN_ETF:515080.SH'],2019-02-28,2023-12-14,2026-06-10,['risk_parity_ewma'],results\backtests\dividend_sleeve_oos_matrix\20260624_213021\r1_domestic_ewma_10y_bond_3x_vol\single_515080\r1_domestic_ewma_10y_bond_3x_vol_single_515080_oos_20260624_213043_121665
results\backtests\dividend_sleeve_oos_matrix\20260624_213021\r1_domestic_ewma_10y_bond_3x_vol\single_563020\r1_domestic_ewma_10y_bond_3x_vol_single_563020_oos_20260624_213043_502783,results\backtests\dividend_sleeve_oos_matrix\20260624_213021\r1_domestic_ewma_10y_bond_3x_vol\single_563020\r1_domestic_ewma_10y_bond_3x_vol_single_563020_oos_20260624_213043_502783\nav.csv,results\backtests\dividend_sleeve_oos_matrix\20260624_213021\r1_domestic_ewma_10y_bond_3x_vol\single_563020\r1_domestic_ewma_10y_bond_3x_vol_single_563020_oos_20260624_213043_502783\positions.csv,results\backtests\dividend_sleeve_oos_matrix\20260624_213021\r1_domestic_ewma_10y_bond_3x_vol\single_563020\r1_domestic_ewma_10y_bond_3x_vol_single_563020_oos_20260624_213043_502783\orders.csv,results\backtests\dividend_sleeve_oos_matrix\20260624_213021\r1_domestic_ewma_10y_bond_3x_vol\single_563020\r1_domestic_ewma_10y_bond_3x_vol_single_563020_oos_20260624_213043_502783\trades.csv,False,2023-12-14,2026-06-10,600,0.6031986025748852,0.21925536922480093,0.10093574124315506,-0.07045470920504371,2.1722272658266104,4992166.392041721,0.7791113144002014,4992166.392041721,1.8550269390480987,0.7791113144002014,1377900.0,289359.0,55,189,55,134,"{'REJECTED': 134, 'FILLED': 55}","{'insufficient_cash_or_lot': 133, 'limit_down': 1}",0,4,0.05998130821234965,4,configs\r1_domestic_ewma_10y_bond_3x_vol.yaml,r1_domestic_ewma_10y_bond_3x_vol,r1_domestic_ewma_10y_bond_3x_vol,single_563020,['CN_ETF:563020.SH'],2019-02-28,2023-12-14,2026-06-10,['risk_parity_ewma'],results\backtests\dividend_sleeve_oos_matrix\20260624_213021\r1_domestic_ewma_10y_bond_3x_vol\single_563020\r1_domestic_ewma_10y_bond_3x_vol_single_563020_oos_20260624_213043_502783
results\backtests\dividend_sleeve_oos_matrix\20260624_213021\r1_domestic_ewma_10y_bond_3x_vol\split_515080_563020\r1_domestic_ewma_10y_bond_3x_vol_split_515080_563020_oos_20260624_213043_935232,results\backtests\dividend_sleeve_oos_matrix\20260624_213021\r1_domestic_ewma_10y_bond_3x_vol\split_515080_563020\r1_domestic_ewma_10y_bond_3x_vol_split_515080_563020_oos_20260624_213043_935232\nav.csv,results\backtests\dividend_sleeve_oos_matrix\20260624_213021\r1_domestic_ewma_10y_bond_3x_vol\split_515080_563020\r1_domestic_ewma_10y_bond_3x_vol_split_515080_563020_oos_20260624_213043_935232\positions.csv,results\backtests\dividend_sleeve_oos_matrix\20260624_213021\r1_domestic_ewma_10y_bond_3x_vol\split_515080_563020\r1_domestic_ewma_10y_bond_3x_vol_split_515080_563020_oos_20260624_213043_935232\orders.csv,results\backtests\dividend_sleeve_oos_matrix\20260624_213021\r1_domestic_ewma_10y_bond_3x_vol\split_515080_563020\r1_domestic_ewma_10y_bond_3x_vol_split_515080_563020_oos_20260624_213043_935232\trades.csv,False,2023-12-14,2026-06-10,600,0.47178661703599434,0.17623700071189785,0.10197477212470041,-0.08288891742149163,1.7282411820090706,4065463.952290408,0.6689647589206525,4065463.952290408,1.5927732355253632,0.6689647589206525,1260900.0,264789.0,58,257,58,199,"{'REJECTED': 199, 'FILLED': 58}","{'insufficient_cash_or_lot': 198, 'limit_down': 1}",0,5,0.05807004105997039,5,configs\r1_domestic_ewma_10y_bond_3x_vol.yaml,r1_domestic_ewma_10y_bond_3x_vol,r1_domestic_ewma_10y_bond_3x_vol,split_515080_563020,"['CN_ETF:515080.SH', 'CN_ETF:563020.SH']",2019-02-28,2023-12-14,2026-06-10,['risk_parity_ewma'],results\backtests\dividend_sleeve_oos_matrix\20260624_213021\r1_domestic_ewma_10y_bond_3x_vol\split_515080_563020\r1_domestic_ewma_10y_bond_3x_vol_split_515080_563020_oos_20260624_213043_935232
results\backtests\dividend_sleeve_oos_matrix\20260624_213021\r1_domestic_ewma_30y_bond_futures\single_515080\r1_domestic_ewma_30y_bond_futures_single_515080_oos_20260624_213044_432466,results\backtests\dividend_sleeve_oos_matrix\20260624_213021\r1_domestic_ewma_30y_bond_futures\single_515080\r1_domestic_ewma_30y_bond_futures_single_515080_oos_20260624_213044_432466\nav.csv,results\backtests\dividend_sleeve_oos_matrix\20260624_213021\r1_domestic_ewma_30y_bond_futures\single_515080\r1_domestic_ewma_30y_bond_futures_single_515080_oos_20260624_213044_432466\positions.csv,results\backtests\dividend_sleeve_oos_matrix\20260624_213021\r1_domestic_ewma_30y_bond_futures\single_515080\r1_domestic_ewma_30y_bond_futures_single_515080_oos_20260624_213044_432466\orders.csv,results\backtests\dividend_sleeve_oos_matrix\20260624_213021\r1_domestic_ewma_30y_bond_futures\single_515080\r1_domestic_ewma_30y_bond_futures_single_515080_oos_20260624_213044_432466\trades.csv,False,2023-12-14,2026-06-10,600,0.5832937008153392,0.2128743824007644,0.08012777483204928,-0.04183401324508007,2.65668655902347,4787194.520260644,0.759419065760268,4787194.520260644,1.8081406327625427,0.759419065760268,1065000.0,223650.0,59,227,59,168,"{'REJECTED': 168, 'FILLED': 59}","{'insufficient_cash_or_lot': 167, 'limit_down': 1}",0,4,0.05609062452717294,4,configs\r1_domestic_ewma_30y_bond_futures.yaml,r1_domestic_ewma_30y_bond_futures,r1_domestic_ewma_30y_bond_futures,single_515080,['CN_ETF:515080.SH'],2019-02-28,2023-12-14,2026-06-10,['risk_parity_ewma'],results\backtests\dividend_sleeve_oos_matrix\20260624_213021\r1_domestic_ewma_30y_bond_futures\single_515080\r1_domestic_ewma_30y_bond_futures_single_515080_oos_20260624_213044_432466
results\backtests\dividend_sleeve_oos_matrix\20260624_213021\r1_domestic_ewma_30y_bond_futures\single_563020\r1_domestic_ewma_30y_bond_futures_single_563020_oos_20260624_213044_851730,results\backtests\dividend_sleeve_oos_matrix\20260624_213021\r1_domestic_ewma_30y_bond_futures\single_563020\r1_domestic_ewma_30y_bond_futures_single_563020_oos_20260624_213044_851730\nav.csv,results\backtests\dividend_sleeve_oos_matrix\20260624_213021\r1_domestic_ewma_30y_bond_futures\single_563020\r1_domestic_ewma_30y_bond_futures_single_563020_oos_20260624_213044_851730\positions.csv,results\backtests\dividend_sleeve_oos_matrix\20260624_213021\r1_domestic_ewma_30y_bond_futures\single_563020\r1_domestic_ewma_30y_bond_futures_single_563020_oos_20260624_213044_851730\orders.csv,results\backtests\dividend_sleeve_oos_matrix\20260624_213021\r1_domestic_ewma_30y_bond_futures\single_563020\r1_domestic_ewma_30y_bond_futures_single_563020_oos_20260624_213044_851730\trades.csv,False,2023-12-14,2026-06-10,600,0.5542625620184345,0.20348378209177653,0.0765881018605313,-0.04008075666355526,2.656858926499121,4633722.210729591,0.738199312677018,4633722.210729591,1.7576174111357572,0.738199312677018,1046900.0,219849.0,62,266,62,204,"{'REJECTED': 204, 'FILLED': 62}","{'insufficient_cash_or_lot': 203, 'limit_down': 1}",0,4,0.055340483782927996,4,configs\r1_domestic_ewma_30y_bond_futures.yaml,r1_domestic_ewma_30y_bond_futures,r1_domestic_ewma_30y_bond_futures,single_563020,['CN_ETF:563020.SH'],2019-02-28,2023-12-14,2026-06-10,['risk_parity_ewma'],results\backtests\dividend_sleeve_oos_matrix\20260624_213021\r1_domestic_ewma_30y_bond_futures\single_563020\r1_domestic_ewma_30y_bond_futures_single_563020_oos_20260624_213044_851730
results\backtests\dividend_sleeve_oos_matrix\20260624_213021\r1_domestic_ewma_30y_bond_futures\split_515080_563020\r1_domestic_ewma_30y_bond_futures_split_515080_563020_oos_20260624_213045_271292,results\backtests\dividend_sleeve_oos_matrix\20260624_213021\r1_domestic_ewma_30y_bond_futures\split_515080_563020\r1_domestic_ewma_30y_bond_futures_split_515080_563020_oos_20260624_213045_271292\nav.csv,results\backtests\dividend_sleeve_oos_matrix\20260624_213021\r1_domestic_ewma_30y_bond_futures\split_515080_563020\r1_domestic_ewma_30y_bond_futures_split_515080_563020_oos_20260624_213045_271292\positions.csv,results\backtests\dividend_sleeve_oos_matrix\20260624_213021\r1_domestic_ewma_30y_bond_futures\split_515080_563020\r1_domestic_ewma_30y_bond_futures_split_515080_563020_oos_20260624_213045_271292\orders.csv,results\backtests\dividend_sleeve_oos_matrix\20260624_213021\r1_domestic_ewma_30y_bond_futures\split_515080_563020\r1_domestic_ewma_30y_bond_futures_split_515080_563020_oos_20260624_213045_271292\trades.csv,False,2023-12-14,2026-06-10,600,0.48964706481724507,0.18221107029623163,0.08279547536985137,-0.05466753283636494,2.2007370509352837,4332801.010107919,0.7081813971367669,4332801.010107919,1.6861461836589688,0.7081813971367669,1170800.0,245868.0,68,266,68,198,"{'REJECTED': 198, 'FILLED': 68}","{'insufficient_cash_or_lot': 197, 'limit_down': 1}",0,5,0.0558706651655495,5,configs\r1_domestic_ewma_30y_bond_futures.yaml,r1_domestic_ewma_30y_bond_futures,r1_domestic_ewma_30y_bond_futures,split_515080_563020,"['CN_ETF:515080.SH', 'CN_ETF:563020.SH']",2019-02-28,2023-12-14,2026-06-10,['risk_parity_ewma'],results\backtests\dividend_sleeve_oos_matrix\20260624_213021\r1_domestic_ewma_30y_bond_futures\split_515080_563020\r1_domestic_ewma_30y_bond_futures_split_515080_563020_oos_20260624_213045_271292
results\backtests\dividend_sleeve_oos_matrix\20260624_213021\r1_domestic_ewma_risk_parity_cvar_dynamic_budget\single_515080\r1_domestic_ewma_risk_parity_cvar_dynamic_budget_single_515080_oos_20260624_213045_708900,results\backtests\dividend_sleeve_oos_matrix\20260624_213021\r1_domestic_ewma_risk_parity_cvar_dynamic_budget\single_515080\r1_domestic_ewma_risk_parity_cvar_dynamic_budget_single_515080_oos_20260624_213045_708900\nav.csv,results\backtests\dividend_sleeve_oos_matrix\20260624_213021\r1_domestic_ewma_risk_parity_cvar_dynamic_budget\single_515080\r1_domestic_ewma_risk_parity_cvar_dynamic_budget_single_515080_oos_20260624_213045_708900\positions.csv,results\backtests\dividend_sleeve_oos_matrix\20260624_213021\r1_domestic_ewma_risk_parity_cvar_dynamic_budget\single_515080\r1_domestic_ewma_risk_parity_cvar_dynamic_budget_single_515080_oos_20260624_213045_708900\orders.csv,results\backtests\dividend_sleeve_oos_matrix\20260624_213021\r1_domestic_ewma_risk_parity_cvar_dynamic_budget\single_515080\r1_domestic_ewma_risk_parity_cvar_dynamic_budget_single_515080_oos_20260624_213045_708900\trades.csv,False,2023-12-14,2026-06-10,600,0.5662840933210265,0.2073845819616933,0.07133628355822111,-0.0308306262885103,2.907140260431935,3971755.495379044,0.6321664922490451,3971755.495379044,1.5051583148786787,0.6321664922490451,762300.0,160083.0,52,95,52,43,"{'FILLED': 52, 'REJECTED': 43}",{'insufficient_cash_or_lot': 43},0,4,0.058792431035252314,4,configs\r1_domestic_ewma_risk_parity_cvar_dynamic_budget.yaml,r1_domestic_ewma_risk_parity_cvar_dynamic_budget,r1_domestic_ewma_risk_parity_cvar_dynamic_budget,single_515080,['CN_ETF:515080.SH'],2019-02-28,2023-12-14,2026-06-10,['risk_parity_cvar_dynamic_budget'],results\backtests\dividend_sleeve_oos_matrix\20260624_213021\r1_domestic_ewma_risk_parity_cvar_dynamic_budget\single_515080\r1_domestic_ewma_risk_parity_cvar_dynamic_budget_single_515080_oos_20260624_213045_708900
results\backtests\dividend_sleeve_oos_matrix\20260624_213021\r1_domestic_ewma_risk_parity_cvar_dynamic_budget\single_563020\r1_domestic_ewma_risk_parity_cvar_dynamic_budget_single_563020_oos_20260624_213046_113110,results\backtests\dividend_sleeve_oos_matrix\20260624_213021\r1_domestic_ewma_risk_parity_cvar_dynamic_budget\single_563020\r1_domestic_ewma_risk_parity_cvar_dynamic_budget_single_563020_oos_20260624_213046_113110\nav.csv,results\backtests\dividend_sleeve_oos_matrix\20260624_213021\r1_domestic_ewma_risk_parity_cvar_dynamic_budget\single_563020\r1_domestic_ewma_risk_parity_cvar_dynamic_budget_single_563020_oos_20260624_213046_113110\positions.csv,results\backtests\dividend_sleeve_oos_matrix\20260624_213021\r1_domestic_ewma_risk_parity_cvar_dynamic_budget\single_563020\r1_domestic_ewma_risk_parity_cvar_dynamic_budget_single_563020_oos_20260624_213046_113110\orders.csv,results\backtests\dividend_sleeve_oos_matrix\20260624_213021\r1_domestic_ewma_risk_parity_cvar_dynamic_budget\single_563020\r1_domestic_ewma_risk_parity_cvar_dynamic_budget_single_563020_oos_20260624_213046_113110\trades.csv,False,2023-12-14,2026-06-10,600,0.5577923735932699,0.2046309602994505,0.0707986185395568,-0.03185059538779955,2.8903241972880944,3755847.3614730053,0.5971470054447915,3755847.3614730053,1.4217785843923607,0.5971470054447915,824200.0,173082.0,50,156,50,106,"{'REJECTED': 106, 'FILLED': 50}",{'insufficient_cash_or_lot': 106},0,4,0.057859076723891324,4,configs\r1_domestic_ewma_risk_parity_cvar_dynamic_budget.yaml,r1_domestic_ewma_risk_parity_cvar_dynamic_budget,r1_domestic_ewma_risk_parity_cvar_dynamic_budget,single_563020,['CN_ETF:563020.SH'],2019-02-28,2023-12-14,2026-06-10,['risk_parity_cvar_dynamic_budget'],results\backtests\dividend_sleeve_oos_matrix\20260624_213021\r1_domestic_ewma_risk_parity_cvar_dynamic_budget\single_563020\r1_domestic_ewma_risk_parity_cvar_dynamic_budget_single_563020_oos_20260624_213046_113110
results\backtests\dividend_sleeve_oos_matrix\20260624_213021\r1_domestic_ewma_risk_parity_cvar_dynamic_budget\split_515080_563020\r1_domestic_ewma_risk_parity_cvar_dynamic_budget_split_515080_563020_oos_20260624_213046_523457,results\backtests\dividend_sleeve_oos_matrix\20260624_213021\r1_domestic_ewma_risk_parity_cvar_dynamic_budget\split_515080_563020\r1_domestic_ewma_risk_parity_cvar_dynamic_budget_split_515080_563020_oos_20260624_213046_523457\nav.csv,results\backtests\dividend_sleeve_oos_matrix\20260624_213021\r1_domestic_ewma_risk_parity_cvar_dynamic_budget\split_515080_563020\r1_domestic_ewma_risk_parity_cvar_dynamic_budget_split_515080_563020_oos_20260624_213046_523457\positions.csv,results\backtests\dividend_sleeve_oos_matrix\20260624_213021\r1_domestic_ewma_risk_parity_cvar_dynamic_budget\split_515080_563020\r1_domestic_ewma_risk_parity_cvar_dynamic_budget_split_515080_563020_oos_20260624_213046_523457\orders.csv,results\backtests\dividend_sleeve_oos_matrix\20260624_213021\r1_domestic_ewma_risk_parity_cvar_dynamic_budget\split_515080_563020\r1_domestic_ewma_risk_parity_cvar_dynamic_budget_split_515080_563020_oos_20260624_213046_523457\trades.csv,False,2023-12-14,2026-06-10,600,0.5246408262463422,0.1937966858213036,0.07156644594382322,-0.029945685303239156,2.7079266444700383,3816709.644670107,0.6146278013604788,3816709.644670107,1.463399527048759,0.6146278013604788,898500.0,188685.0,61,109,61,48,"{'FILLED': 61, 'REJECTED': 48}",{'insufficient_cash_or_lot': 48},0,5,0.05746729245882194,5,configs\r1_domestic_ewma_risk_parity_cvar_dynamic_budget.yaml,r1_domestic_ewma_risk_parity_cvar_dynamic_budget,r1_domestic_ewma_risk_parity_cvar_dynamic_budget,split_515080_563020,"['CN_ETF:515080.SH', 'CN_ETF:563020.SH']",2019-02-28,2023-12-14,2026-06-10,['risk_parity_cvar_dynamic_budget'],results\backtests\dividend_sleeve_oos_matrix\20260624_213021\r1_domestic_ewma_risk_parity_cvar_dynamic_budget\split_515080_563020\r1_domestic_ewma_risk_parity_cvar_dynamic_budget_split_515080_563020_oos_20260624_213046_523457
results\backtests\dividend_sleeve_oos_matrix\20260624_213021\r1_domestic_rolling_10y_bond_3x_vol\single_515080\r1_domestic_rolling_10y_bond_3x_vol_single_515080_oos_20260624_213046_975498,results\backtests\dividend_sleeve_oos_matrix\20260624_213021\r1_domestic_rolling_10y_bond_3x_vol\single_515080\r1_domestic_rolling_10y_bond_3x_vol_single_515080_oos_20260624_213046_975498\nav.csv,results\backtests\dividend_sleeve_oos_matrix\20260624_213021\r1_domestic_rolling_10y_bond_3x_vol\single_515080\r1_domestic_rolling_10y_bond_3x_vol_single_515080_oos_20260624_213046_975498\positions.csv,results\backtests\dividend_sleeve_oos_matrix\20260624_213021\r1_domestic_rolling_10y_bond_3x_vol\single_515080\r1_domestic_rolling_10y_bond_3x_vol_single_515080_oos_20260624_213046_975498\orders.csv,results\backtests\dividend_sleeve_oos_matrix\20260624_213021\r1_domestic_rolling_10y_bond_3x_vol\single_515080\r1_domestic_rolling_10y_bond_3x_vol_single_515080_oos_20260624_213046_975498\trades.csv,False,2023-12-14,2026-06-10,600,0.6193171441987009,0.22438895667425185,0.10012071525131926,-0.059155170830603954,2.2411841157047183,3714975.2585742697,0.5828297089897246,3714975.2585742697,1.3876897833088682,0.5828297089897246,932500.0,195825.0,48,78,48,30,"{'FILLED': 48, 'REJECTED': 30}","{'insufficient_cash_or_lot': 29, 'limit_down': 1}",0,4,0.055757590683147784,4,configs\r1_domestic_rolling_10y_bond_3x_vol.yaml,r1_domestic_rolling_10y_bond_3x_vol,r1_domestic_rolling_10y_bond_3x_vol,single_515080,['CN_ETF:515080.SH'],2019-02-28,2023-12-14,2026-06-10,['risk_parity'],results\backtests\dividend_sleeve_oos_matrix\20260624_213021\r1_domestic_rolling_10y_bond_3x_vol\single_515080\r1_domestic_rolling_10y_bond_3x_vol_single_515080_oos_20260624_213046_975498
results\backtests\dividend_sleeve_oos_matrix\20260624_213021\r1_domestic_rolling_10y_bond_3x_vol\single_563020\r1_domestic_rolling_10y_bond_3x_vol_single_563020_oos_20260624_213047_363101,results\backtests\dividend_sleeve_oos_matrix\20260624_213021\r1_domestic_rolling_10y_bond_3x_vol\single_563020\r1_domestic_rolling_10y_bond_3x_vol_single_563020_oos_20260624_213047_363101\nav.csv,results\backtests\dividend_sleeve_oos_matrix\20260624_213021\r1_domestic_rolling_10y_bond_3x_vol\single_563020\r1_domestic_rolling_10y_bond_3x_vol_single_563020_oos_20260624_213047_363101\positions.csv,results\backtests\dividend_sleeve_oos_matrix\20260624_213021\r1_domestic_rolling_10y_bond_3x_vol\single_563020\r1_domestic_rolling_10y_bond_3x_vol_single_563020_oos_20260624_213047_363101\orders.csv,results\backtests\dividend_sleeve_oos_matrix\20260624_213021\r1_domestic_rolling_10y_bond_3x_vol\single_563020\r1_domestic_rolling_10y_bond_3x_vol_single_563020_oos_20260624_213047_363101\trades.csv,False,2023-12-14,2026-06-10,600,0.6128623864011795,0.22233675741063608,0.0987913815422235,-0.0664245169980644,2.250568358694419,3766359.9073144007,0.5882575641623242,3766359.9073144007,1.4006132480055338,0.5882575641623242,1077100.0,226191.0,53,157,53,104,"{'REJECTED': 104, 'FILLED': 53}","{'insufficient_cash_or_lot': 103, 'limit_down': 1}",0,4,0.058617342993377806,4,configs\r1_domestic_rolling_10y_bond_3x_vol.yaml,r1_domestic_rolling_10y_bond_3x_vol,r1_domestic_rolling_10y_bond_3x_vol,single_563020,['CN_ETF:563020.SH'],2019-02-28,2023-12-14,2026-06-10,['risk_parity'],results\backtests\dividend_sleeve_oos_matrix\20260624_213021\r1_domestic_rolling_10y_bond_3x_vol\single_563020\r1_domestic_rolling_10y_bond_3x_vol_single_563020_oos_20260624_213047_363101
results\backtests\dividend_sleeve_oos_matrix\20260624_213021\r1_domestic_rolling_10y_bond_3x_vol\split_515080_563020\r1_domestic_rolling_10y_bond_3x_vol_split_515080_563020_oos_20260624_213047_762920,results\backtests\dividend_sleeve_oos_matrix\20260624_213021\r1_domestic_rolling_10y_bond_3x_vol\split_515080_563020\r1_domestic_rolling_10y_bond_3x_vol_split_515080_563020_oos_20260624_213047_762920\nav.csv,results\backtests\dividend_sleeve_oos_matrix\20260624_213021\r1_domestic_rolling_10y_bond_3x_vol\split_515080_563020\r1_domestic_rolling_10y_bond_3x_vol_split_515080_563020_oos_20260624_213047_762920\positions.csv,results\backtests\dividend_sleeve_oos_matrix\20260624_213021\r1_domestic_rolling_10y_bond_3x_vol\split_515080_563020\r1_domestic_rolling_10y_bond_3x_vol_split_515080_563020_oos_20260624_213047_762920\orders.csv,results\backtests\dividend_sleeve_oos_matrix\20260624_213021\r1_domestic_rolling_10y_bond_3x_vol\split_515080_563020\r1_domestic_rolling_10y_bond_3x_vol_split_515080_563020_oos_20260624_213047_762920\trades.csv,False,2023-12-14,2026-06-10,600,0.5251842774345334,0.19397538714537976,0.09491794479815721,-0.06311484499883768,2.043611327213921,3283322.572238848,0.5318380209074959,3283322.572238848,1.2662810021607045,0.5318380209074959,1022800.0,214788.0,52,165,52,113,"{'REJECTED': 113, 'FILLED': 52}",{'insufficient_cash_or_lot': 113},0,5,0.059601934823766654,5,configs\r1_domestic_rolling_10y_bond_3x_vol.yaml,r1_domestic_rolling_10y_bond_3x_vol,r1_domestic_rolling_10y_bond_3x_vol,split_515080_563020,"['CN_ETF:515080.SH', 'CN_ETF:563020.SH']",2019-02-28,2023-12-14,2026-06-10,['risk_parity'],results\backtests\dividend_sleeve_oos_matrix\20260624_213021\r1_domestic_rolling_10y_bond_3x_vol\split_515080_563020\r1_domestic_rolling_10y_bond_3x_vol_split_515080_563020_oos_20260624_213047_762920
results\backtests\dividend_sleeve_oos_matrix\20260624_213021\r1_domestic_rolling_30y_bond_futures\single_515080\r1_domestic_rolling_30y_bond_futures_single_515080_oos_20260624_213048_201171,results\backtests\dividend_sleeve_oos_matrix\20260624_213021\r1_domestic_rolling_30y_bond_futures\single_515080\r1_domestic_rolling_30y_bond_futures_single_515080_oos_20260624_213048_201171\nav.csv,results\backtests\dividend_sleeve_oos_matrix\20260624_213021\r1_domestic_rolling_30y_bond_futures\single_515080\r1_domestic_rolling_30y_bond_futures_single_515080_oos_20260624_213048_201171\positions.csv,results\backtests\dividend_sleeve_oos_matrix\20260624_213021\r1_domestic_rolling_30y_bond_futures\single_515080\r1_domestic_rolling_30y_bond_futures_single_515080_oos_20260624_213048_201171\orders.csv,results\backtests\dividend_sleeve_oos_matrix\20260624_213021\r1_domestic_rolling_30y_bond_futures\single_515080\r1_domestic_rolling_30y_bond_futures_single_515080_oos_20260624_213048_201171\trades.csv,False,2023-12-14,2026-06-10,600,0.49836541482769836,0.18511215064276243,0.06981405973589731,-0.052114320015118065,2.6515024529877125,2634413.4022943093,0.43132686537117576,2634413.4022943093,1.026968727074228,0.43132686537117576,517800.0,108738.0,30,54,30,24,"{'FILLED': 30, 'REJECTED': 24}",{'insufficient_cash_or_lot': 24},0,4,0.059057107421582,4,configs\r1_domestic_rolling_30y_bond_futures.yaml,r1_domestic_rolling_30y_bond_futures,r1_domestic_rolling_30y_bond_futures,single_515080,['CN_ETF:515080.SH'],2019-02-28,2023-12-14,2026-06-10,['risk_parity'],results\backtests\dividend_sleeve_oos_matrix\20260624_213021\r1_domestic_rolling_30y_bond_futures\single_515080\r1_domestic_rolling_30y_bond_futures_single_515080_oos_20260624_213048_201171
results\backtests\dividend_sleeve_oos_matrix\20260624_213021\r1_domestic_rolling_30y_bond_futures\single_563020\r1_domestic_rolling_30y_bond_futures_single_563020_oos_20260624_213048_501859,results\backtests\dividend_sleeve_oos_matrix\20260624_213021\r1_domestic_rolling_30y_bond_futures\single_563020\r1_domestic_rolling_30y_bond_futures_single_563020_oos_20260624_213048_501859\nav.csv,results\backtests\dividend_sleeve_oos_matrix\20260624_213021\r1_domestic_rolling_30y_bond_futures\single_563020\r1_domestic_rolling_30y_bond_futures_single_563020_oos_20260624_213048_501859\positions.csv,results\backtests\dividend_sleeve_oos_matrix\20260624_213021\r1_domestic_rolling_30y_bond_futures\single_563020\r1_domestic_rolling_30y_bond_futures_single_563020_oos_20260624_213048_501859\orders.csv,results\backtests\dividend_sleeve_oos_matrix\20260624_213021\r1_domestic_rolling_30y_bond_futures\single_563020\r1_domestic_rolling_30y_bond_futures_single_563020_oos_20260624_213048_501859\trades.csv,False,2023-12-14,2026-06-10,600,0.49483597780964095,0.18393889305352373,0.07027708749472582,-0.04949493874767108,2.61733802026625,2647180.3420635783,0.4326606509097291,2647180.3420635783,1.0301444069279264,0.4326606509097291,615400.0,129234.0,35,38,35,3,"{'FILLED': 35, 'REJECTED': 3}",{'insufficient_cash_or_lot': 3},0,4,0.058405573463247165,4,configs\r1_domestic_rolling_30y_bond_futures.yaml,r1_domestic_rolling_30y_bond_futures,r1_domestic_rolling_30y_bond_futures,single_563020,['CN_ETF:563020.SH'],2019-02-28,2023-12-14,2026-06-10,['risk_parity'],results\backtests\dividend_sleeve_oos_matrix\20260624_213021\r1_domestic_rolling_30y_bond_futures\single_563020\r1_domestic_rolling_30y_bond_futures_single_563020_oos_20260624_213048_501859
results\backtests\dividend_sleeve_oos_matrix\20260624_213021\r1_domestic_rolling_30y_bond_futures\split_515080_563020\r1_domestic_rolling_30y_bond_futures_split_515080_563020_oos_20260624_213048_808320,results\backtests\dividend_sleeve_oos_matrix\20260624_213021\r1_domestic_rolling_30y_bond_futures\split_515080_563020\r1_domestic_rolling_30y_bond_futures_split_515080_563020_oos_20260624_213048_808320\nav.csv,results\backtests\dividend_sleeve_oos_matrix\20260624_213021\r1_domestic_rolling_30y_bond_futures\split_515080_563020\r1_domestic_rolling_30y_bond_futures_split_515080_563020_oos_20260624_213048_808320\positions.csv,results\backtests\dividend_sleeve_oos_matrix\20260624_213021\r1_domestic_rolling_30y_bond_futures\split_515080_563020\r1_domestic_rolling_30y_bond_futures_split_515080_563020_oos_20260624_213048_808320\orders.csv,results\backtests\dividend_sleeve_oos_matrix\20260624_213021\r1_domestic_rolling_30y_bond_futures\split_515080_563020\r1_domestic_rolling_30y_bond_futures_split_515080_563020_oos_20260624_213048_808320\trades.csv,False,2023-12-14,2026-06-10,600,0.46087449154760507,0.1725663330341165,0.07069429432759337,-0.04905610892237011,2.441022075055362,2628403.1209246614,0.43513462279792986,2628403.1209246614,1.0360348161855473,0.43513462279792986,655100.0,137571.0,41,99,41,58,"{'REJECTED': 58, 'FILLED': 41}",{'insufficient_cash_or_lot': 58},0,5,0.05856738772844725,5,configs\r1_domestic_rolling_30y_bond_futures.yaml,r1_domestic_rolling_30y_bond_futures,r1_domestic_rolling_30y_bond_futures,split_515080_563020,"['CN_ETF:515080.SH', 'CN_ETF:563020.SH']",2019-02-28,2023-12-14,2026-06-10,['risk_parity'],results\backtests\dividend_sleeve_oos_matrix\20260624_213021\r1_domestic_rolling_30y_bond_futures\split_515080_563020\r1_domestic_rolling_30y_bond_futures_split_515080_563020_oos_20260624_213048_808320
results\backtests\dividend_sleeve_oos_matrix\20260624_213021\r2_global_dividend_ewma_risk_parity_cvar_dynamic_budget\single_515080\r2_global_dividend_ewma_risk_parity_cvar_dynamic_budget_single_515080_oos_20260624_213049_144287,results\backtests\dividend_sleeve_oos_matrix\20260624_213021\r2_global_dividend_ewma_risk_parity_cvar_dynamic_budget\single_515080\r2_global_dividend_ewma_risk_parity_cvar_dynamic_budget_single_515080_oos_20260624_213049_144287\nav.csv,results\backtests\dividend_sleeve_oos_matrix\20260624_213021\r2_global_dividend_ewma_risk_parity_cvar_dynamic_budget\single_515080\r2_global_dividend_ewma_risk_parity_cvar_dynamic_budget_single_515080_oos_20260624_213049_144287\positions.csv,results\backtests\dividend_sleeve_oos_matrix\20260624_213021\r2_global_dividend_ewma_risk_parity_cvar_dynamic_budget\single_515080\r2_global_dividend_ewma_risk_parity_cvar_dynamic_budget_single_515080_oos_20260624_213049_144287\orders.csv,results\backtests\dividend_sleeve_oos_matrix\20260624_213021\r2_global_dividend_ewma_risk_parity_cvar_dynamic_budget\single_515080\r2_global_dividend_ewma_risk_parity_cvar_dynamic_budget_single_515080_oos_20260624_213049_144287\trades.csv,False,2023-12-14,2026-06-10,600,0.4703074133711349,0.1757403467771932,0.06503877976174527,-0.04189992784033836,2.7020855468226475,4185555.961802554,0.6914677252287119,4185555.961802554,1.6463517267350283,0.6914677252287119,1127900.0,236859.0,70,172,70,102,"{'REJECTED': 102, 'FILLED': 70}","{'insufficient_cash_or_lot': 101, 'limit_down': 1}",0,4,0.06040121626759337,4,configs\r2_global_dividend_ewma_risk_parity_cvar_dynamic_budget.yaml,r2_global_dividend_ewma_risk_parity_cvar_dynamic_budget,r2_global_dividend_ewma_risk_parity_cvar_dynamic_budget,single_515080,['CN_ETF:515080.SH'],2019-02-28,2023-12-14,2026-06-10,['risk_parity_cvar_dynamic_budget'],results\backtests\dividend_sleeve_oos_matrix\20260624_213021\r2_global_dividend_ewma_risk_parity_cvar_dynamic_budget\single_515080\r2_global_dividend_ewma_risk_parity_cvar_dynamic_budget_single_515080_oos_20260624_213049_144287
results\backtests\dividend_sleeve_oos_matrix\20260624_213021\r2_global_dividend_ewma_risk_parity_cvar_dynamic_budget\single_563020\r2_global_dividend_ewma_risk_parity_cvar_dynamic_budget_single_563020_oos_20260624_213049_555502,results\backtests\dividend_sleeve_oos_matrix\20260624_213021\r2_global_dividend_ewma_risk_parity_cvar_dynamic_budget\single_563020\r2_global_dividend_ewma_risk_parity_cvar_dynamic_budget_single_563020_oos_20260624_213049_555502\nav.csv,results\backtests\dividend_sleeve_oos_matrix\20260624_213021\r2_global_dividend_ewma_risk_parity_cvar_dynamic_budget\single_563020\r2_global_dividend_ewma_risk_parity_cvar_dynamic_budget_single_563020_oos_20260624_213049_555502\positions.csv,results\backtests\dividend_sleeve_oos_matrix\20260624_213021\r2_global_dividend_ewma_risk_parity_cvar_dynamic_budget\single_563020\r2_global_dividend_ewma_risk_parity_cvar_dynamic_budget_single_563020_oos_20260624_213049_555502\orders.csv,results\backtests\dividend_sleeve_oos_matrix\20260624_213021\r2_global_dividend_ewma_risk_parity_cvar_dynamic_budget\single_563020\r2_global_dividend_ewma_risk_parity_cvar_dynamic_budget_single_563020_oos_20260624_213049_555502\trades.csv,False,2023-12-14,2026-06-10,600,0.4487812725944602,0.16847973788541015,0.06553972121577538,-0.04289394202320995,2.5706508169408746,3624826.558982061,0.6014520120182534,3624826.558982061,1.4320286000434603,0.6014520120182534,1069100.0,224511.0,51,120,51,69,"{'REJECTED': 69, 'FILLED': 51}",{'insufficient_cash_or_lot': 69},0,4,0.05690451666313998,4,configs\r2_global_dividend_ewma_risk_parity_cvar_dynamic_budget.yaml,r2_global_dividend_ewma_risk_parity_cvar_dynamic_budget,r2_global_dividend_ewma_risk_parity_cvar_dynamic_budget,single_563020,['CN_ETF:563020.SH'],2019-02-28,2023-12-14,2026-06-10,['risk_parity_cvar_dynamic_budget'],results\backtests\dividend_sleeve_oos_matrix\20260624_213021\r2_global_dividend_ewma_risk_parity_cvar_dynamic_budget\single_563020\r2_global_dividend_ewma_risk_parity_cvar_dynamic_budget_single_563020_oos_20260624_213049_555502
results\backtests\dividend_sleeve_oos_matrix\20260624_213021\r2_global_dividend_ewma_risk_parity_cvar_dynamic_budget\split_515080_563020\r2_global_dividend_ewma_risk_parity_cvar_dynamic_budget_split_515080_563020_oos_20260624_213049_959249,results\backtests\dividend_sleeve_oos_matrix\20260624_213021\r2_global_dividend_ewma_risk_parity_cvar_dynamic_budget\split_515080_563020\r2_global_dividend_ewma_risk_parity_cvar_dynamic_budget_split_515080_563020_oos_20260624_213049_959249\nav.csv,results\backtests\dividend_sleeve_oos_matrix\20260624_213021\r2_global_dividend_ewma_risk_parity_cvar_dynamic_budget\split_515080_563020\r2_global_dividend_ewma_risk_parity_cvar_dynamic_budget_split_515080_563020_oos_20260624_213049_959249\positions.csv,results\backtests\dividend_sleeve_oos_matrix\20260624_213021\r2_global_dividend_ewma_risk_parity_cvar_dynamic_budget\split_515080_563020\r2_global_dividend_ewma_risk_parity_cvar_dynamic_budget_split_515080_563020_oos_20260624_213049_959249\orders.csv,results\backtests\dividend_sleeve_oos_matrix\20260624_213021\r2_global_dividend_ewma_risk_parity_cvar_dynamic_budget\split_515080_563020\r2_global_dividend_ewma_risk_parity_cvar_dynamic_budget_split_515080_563020_oos_20260624_213049_959249\trades.csv,False,2023-12-14,2026-06-10,600,0.44750862133819136,0.16804852896701217,0.06519141438283328,-0.03974033302685964,2.5777708699516118,3589631.976912357,0.5959154257601587,3589631.976912357,1.4188462518099016,0.5959154257601587,1169000.0,245490.0,62,129,62,67,"{'REJECTED': 67, 'FILLED': 62}",{'insufficient_cash_or_lot': 67},0,5,0.059080429095497634,5,configs\r2_global_dividend_ewma_risk_parity_cvar_dynamic_budget.yaml,r2_global_dividend_ewma_risk_parity_cvar_dynamic_budget,r2_global_dividend_ewma_risk_parity_cvar_dynamic_budget,split_515080_563020,"['CN_ETF:515080.SH', 'CN_ETF:563020.SH']",2019-02-28,2023-12-14,2026-06-10,['risk_parity_cvar_dynamic_budget'],results\backtests\dividend_sleeve_oos_matrix\20260624_213021\r2_global_dividend_ewma_risk_parity_cvar_dynamic_budget\split_515080_563020\r2_global_dividend_ewma_risk_parity_cvar_dynamic_budget_split_515080_563020_oos_20260624_213049_959249
results\backtests\dividend_sleeve_oos_matrix\20260624_213021\r2_global_ewma_risk_parity_cvar_dynamic_budget\single_515080\r2_global_ewma_risk_parity_cvar_dynamic_budget_single_515080_oos_20260624_213050_427526,results\backtests\dividend_sleeve_oos_matrix\20260624_213021\r2_global_ewma_risk_parity_cvar_dynamic_budget\single_515080\r2_global_ewma_risk_parity_cvar_dynamic_budget_single_515080_oos_20260624_213050_427526\nav.csv,results\backtests\dividend_sleeve_oos_matrix\20260624_213021\r2_global_ewma_risk_parity_cvar_dynamic_budget\single_515080\r2_global_ewma_risk_parity_cvar_dynamic_budget_single_515080_oos_20260624_213050_427526\positions.csv,results\backtests\dividend_sleeve_oos_matrix\20260624_213021\r2_global_ewma_risk_parity_cvar_dynamic_budget\single_515080\r2_global_ewma_risk_parity_cvar_dynamic_budget_single_515080_oos_20260624_213050_427526\orders.csv,results\backtests\dividend_sleeve_oos_matrix\20260624_213021\r2_global_ewma_risk_parity_cvar_dynamic_budget\single_515080\r2_global_ewma_risk_parity_cvar_dynamic_budget_single_515080_oos_20260624_213050_427526\trades.csv,False,2023-12-14,2026-06-10,600,0.5568440642621435,0.204322910841368,0.07160290577480355,-0.04004619141975574,2.8535561319812732,4372146.15402519,0.6975325005400606,4372146.15402519,1.6607916679525252,0.6975325005400606,1083500.0,227535.0,70,186,70,116,"{'REJECTED': 116, 'FILLED': 70}",{'insufficient_cash_or_lot': 116},0,5,0.05808341574112366,5,configs\r2_global_ewma_risk_parity_cvar_dynamic_budget.yaml,r2_global_ewma_risk_parity_cvar_dynamic_budget,r2_global_ewma_risk_parity_cvar_dynamic_budget,single_515080,['CN_ETF:515080.SH'],2019-02-28,2023-12-14,2026-06-10,['risk_parity_cvar_dynamic_budget'],results\backtests\dividend_sleeve_oos_matrix\20260624_213021\r2_global_ewma_risk_parity_cvar_dynamic_budget\single_515080\r2_global_ewma_risk_parity_cvar_dynamic_budget_single_515080_oos_20260624_213050_427526
results\backtests\dividend_sleeve_oos_matrix\20260624_213021\r2_global_ewma_risk_parity_cvar_dynamic_budget\single_563020\r2_global_ewma_risk_parity_cvar_dynamic_budget_single_563020_oos_20260624_213050_899716,results\backtests\dividend_sleeve_oos_matrix\20260624_213021\r2_global_ewma_risk_parity_cvar_dynamic_budget\single_563020\r2_global_ewma_risk_parity_cvar_dynamic_budget_single_563020_oos_20260624_213050_899716\nav.csv,results\backtests\dividend_sleeve_oos_matrix\20260624_213021\r2_global_ewma_risk_parity_cvar_dynamic_budget\single_563020\r2_global_ewma_risk_parity_cvar_dynamic_budget_single_563020_oos_20260624_213050_899716\positions.csv,results\backtests\dividend_sleeve_oos_matrix\20260624_213021\r2_global_ewma_risk_parity_cvar_dynamic_budget\single_563020\r2_global_ewma_risk_parity_cvar_dynamic_budget_single_563020_oos_20260624_213050_899716\orders.csv,results\backtests\dividend_sleeve_oos_matrix\20260624_213021\r2_global_ewma_risk_parity_cvar_dynamic_budget\single_563020\r2_global_ewma_risk_parity_cvar_dynamic_budget_single_563020_oos_20260624_213050_899716\trades.csv,False,2023-12-14,2026-06-10,600,0.5548543223033473,0.2036762077658214,0.0704014900362559,-0.03831985501110369,2.893066718629544,4103243.661560716,0.651910681600984,4103243.661560716,1.5521682895261524,0.651910681600984,1036400.0,217644.0,65,228,65,163,"{'REJECTED': 163, 'FILLED': 65}",{'insufficient_cash_or_lot': 163},5,5,0.05607843763068409,5,configs\r2_global_ewma_risk_parity_cvar_dynamic_budget.yaml,r2_global_ewma_risk_parity_cvar_dynamic_budget,r2_global_ewma_risk_parity_cvar_dynamic_budget,single_563020,['CN_ETF:563020.SH'],2019-02-28,2023-12-14,2026-06-10,['risk_parity_cvar_dynamic_budget'],results\backtests\dividend_sleeve_oos_matrix\20260624_213021\r2_global_ewma_risk_parity_cvar_dynamic_budget\single_563020\r2_global_ewma_risk_parity_cvar_dynamic_budget_single_563020_oos_20260624_213050_899716
results\backtests\dividend_sleeve_oos_matrix\20260624_213021\r2_global_ewma_risk_parity_cvar_dynamic_budget\split_515080_563020\r2_global_ewma_risk_parity_cvar_dynamic_budget_split_515080_563020_oos_20260624_213051_385116,results\backtests\dividend_sleeve_oos_matrix\20260624_213021\r2_global_ewma_risk_parity_cvar_dynamic_budget\split_515080_563020\r2_global_ewma_risk_parity_cvar_dynamic_budget_split_515080_563020_oos_20260624_213051_385116\nav.csv,results\backtests\dividend_sleeve_oos_matrix\20260624_213021\r2_global_ewma_risk_parity_cvar_dynamic_budget\split_515080_563020\r2_global_ewma_risk_parity_cvar_dynamic_budget_split_515080_563020_oos_20260624_213051_385116\positions.csv,results\backtests\dividend_sleeve_oos_matrix\20260624_213021\r2_global_ewma_risk_parity_cvar_dynamic_budget\split_515080_563020\r2_global_ewma_risk_parity_cvar_dynamic_budget_split_515080_563020_oos_20260624_213051_385116\orders.csv,results\backtests\dividend_sleeve_oos_matrix\20260624_213021\r2_global_ewma_risk_parity_cvar_dynamic_budget\split_515080_563020\r2_global_ewma_risk_parity_cvar_dynamic_budget_split_515080_563020_oos_20260624_213051_385116\trades.csv,False,2023-12-14,2026-06-10,600,0.5300862848905681,0.19558563234915383,0.07168646192888002,-0.036807551473443056,2.7283482415856133,4204817.880000637,0.6751398021393052,4204817.880000637,1.6074757193792981,0.6751398021393052,1171900.0,246099.0,79,292,79,213,"{'REJECTED': 213, 'FILLED': 79}",{'insufficient_cash_or_lot': 213},0,6,0.05903485281933001,6,configs\r2_global_ewma_risk_parity_cvar_dynamic_budget.yaml,r2_global_ewma_risk_parity_cvar_dynamic_budget,r2_global_ewma_risk_parity_cvar_dynamic_budget,split_515080_563020,"['CN_ETF:515080.SH', 'CN_ETF:563020.SH']",2019-02-28,2023-12-14,2026-06-10,['risk_parity_cvar_dynamic_budget'],results\backtests\dividend_sleeve_oos_matrix\20260624_213021\r2_global_ewma_risk_parity_cvar_dynamic_budget\split_515080_563020\r2_global_ewma_risk_parity_cvar_dynamic_budget_split_515080_563020_oos_20260624_213051_385116
results\backtests\dividend_sleeve_oos_matrix\20260624_213021\r3_global_nasdaq_all_weather_ewma_risk_parity_cvar_dynamic_budget\single_515080\r3_global_nasdaq_all_weather_ewma_risk_parity_cvar_dynamic_budget_single_515080_oos_20260624_213051_934827,results\backtests\dividend_sleeve_oos_matrix\20260624_213021\r3_global_nasdaq_all_weather_ewma_risk_parity_cvar_dynamic_budget\single_515080\r3_global_nasdaq_all_weather_ewma_risk_parity_cvar_dynamic_budget_single_515080_oos_20260624_213051_934827\nav.csv,results\backtests\dividend_sleeve_oos_matrix\20260624_213021\r3_global_nasdaq_all_weather_ewma_risk_parity_cvar_dynamic_budget\single_515080\r3_global_nasdaq_all_weather_ewma_risk_parity_cvar_dynamic_budget_single_515080_oos_20260624_213051_934827\positions.csv,results\backtests\dividend_sleeve_oos_matrix\20260624_213021\r3_global_nasdaq_all_weather_ewma_risk_parity_cvar_dynamic_budget\single_515080\r3_global_nasdaq_all_weather_ewma_risk_parity_cvar_dynamic_budget_single_515080_oos_20260624_213051_934827\orders.csv,results\backtests\dividend_sleeve_oos_matrix\20260624_213021\r3_global_nasdaq_all_weather_ewma_risk_parity_cvar_dynamic_budget\single_515080\r3_global_nasdaq_all_weather_ewma_risk_parity_cvar_dynamic_budget_single_515080_oos_20260624_213051_934827\trades.csv,False,2023-12-14,2026-06-10,600,0.46232920748363804,0.17305659323022615,0.06874939196298128,-0.04664349198261808,2.517209073258568,4149854.1559928204,0.7027130467297736,4149854.1559928204,1.6731263017375562,0.7027130467297736,1265600.0,265776.0,87,234,87,147,"{'REJECTED': 147, 'FILLED': 87}","{'insufficient_cash_or_lot': 146, 'limit_down': 1}",7,7,0.05891111488710699,7,configs\r3_global_nasdaq_all_weather_ewma_risk_parity_cvar_dynamic_budget.yaml,r3_global_nasdaq_all_weather_ewma_risk_parity_cvar_dynamic_budget,r3_global_nasdaq_all_weather_ewma_risk_parity_cvar_dynamic_budget,single_515080,['CN_ETF:515080.SH'],2022-05-31,2023-12-14,2026-06-10,['risk_parity_cvar_dynamic_budget'],results\backtests\dividend_sleeve_oos_matrix\20260624_213021\r3_global_nasdaq_all_weather_ewma_risk_parity_cvar_dynamic_budget\single_515080\r3_global_nasdaq_all_weather_ewma_risk_parity_cvar_dynamic_budget_single_515080_oos_20260624_213051_934827
results\backtests\dividend_sleeve_oos_matrix\20260624_213021\r3_global_nasdaq_all_weather_ewma_risk_parity_cvar_dynamic_budget\single_563020\r3_global_nasdaq_all_weather_ewma_risk_parity_cvar_dynamic_budget_single_563020_oos_20260624_213052_514810,results\backtests\dividend_sleeve_oos_matrix\20260624_213021\r3_global_nasdaq_all_weather_ewma_risk_parity_cvar_dynamic_budget\single_563020\r3_global_nasdaq_all_weather_ewma_risk_parity_cvar_dynamic_budget_single_563020_oos_20260624_213052_514810\nav.csv,results\backtests\dividend_sleeve_oos_matrix\20260624_213021\r3_global_nasdaq_all_weather_ewma_risk_parity_cvar_dynamic_budget\single_563020\r3_global_nasdaq_all_weather_ewma_risk_parity_cvar_dynamic_budget_single_563020_oos_20260624_213052_514810\positions.csv,results\backtests\dividend_sleeve_oos_matrix\20260624_213021\r3_global_nasdaq_all_weather_ewma_risk_parity_cvar_dynamic_budget\single_563020\r3_global_nasdaq_all_weather_ewma_risk_parity_cvar_dynamic_budget_single_563020_oos_20260624_213052_514810\orders.csv,results\backtests\dividend_sleeve_oos_matrix\20260624_213021\r3_global_nasdaq_all_weather_ewma_risk_parity_cvar_dynamic_budget\single_563020\r3_global_nasdaq_all_weather_ewma_risk_parity_cvar_dynamic_budget_single_563020_oos_20260624_213052_514810\trades.csv,False,2023-12-14,2026-06-10,600,0.4362846444482551,0.16423598145144025,0.06639105100531632,-0.04842987601959159,2.4737668550884804,3869604.514984948,0.6573591098123529,3869604.514984948,1.5651407376484592,0.6573591098123529,1227200.0,257712.0,90,193,90,103,"{'REJECTED': 103, 'FILLED': 90}",{'insufficient_cash_or_lot': 103},7,7,0.05809106699628418,7,configs\r3_global_nasdaq_all_weather_ewma_risk_parity_cvar_dynamic_budget.yaml,r3_global_nasdaq_all_weather_ewma_risk_parity_cvar_dynamic_budget,r3_global_nasdaq_all_weather_ewma_risk_parity_cvar_dynamic_budget,single_563020,['CN_ETF:563020.SH'],2022-05-31,2023-12-14,2026-06-10,['risk_parity_cvar_dynamic_budget'],results\backtests\dividend_sleeve_oos_matrix\20260624_213021\r3_global_nasdaq_all_weather_ewma_risk_parity_cvar_dynamic_budget\single_563020\r3_global_nasdaq_all_weather_ewma_risk_parity_cvar_dynamic_budget_single_563020_oos_20260624_213052_514810
results\backtests\dividend_sleeve_oos_matrix\20260624_213021\r3_global_nasdaq_all_weather_ewma_risk_parity_cvar_dynamic_budget\split_515080_563020\r3_global_nasdaq_all_weather_ewma_risk_parity_cvar_dynamic_budget_split_515080_563020_oos_20260624_213053_127768,results\backtests\dividend_sleeve_oos_matrix\20260624_213021\r3_global_nasdaq_all_weather_ewma_risk_parity_cvar_dynamic_budget\split_515080_563020\r3_global_nasdaq_all_weather_ewma_risk_parity_cvar_dynamic_budget_split_515080_563020_oos_20260624_213053_127768\nav.csv,results\backtests\dividend_sleeve_oos_matrix\20260624_213021\r3_global_nasdaq_all_weather_ewma_risk_parity_cvar_dynamic_budget\split_515080_563020\r3_global_nasdaq_all_weather_ewma_risk_parity_cvar_dynamic_budget_split_515080_563020_oos_20260624_213053_127768\positions.csv,results\backtests\dividend_sleeve_oos_matrix\20260624_213021\r3_global_nasdaq_all_weather_ewma_risk_parity_cvar_dynamic_budget\split_515080_563020\r3_global_nasdaq_all_weather_ewma_risk_parity_cvar_dynamic_budget_split_515080_563020_oos_20260624_213053_127768\orders.csv,results\backtests\dividend_sleeve_oos_matrix\20260624_213021\r3_global_nasdaq_all_weather_ewma_risk_parity_cvar_dynamic_budget\split_515080_563020\r3_global_nasdaq_all_weather_ewma_risk_parity_cvar_dynamic_budget_split_515080_563020_oos_20260624_213053_127768\trades.csv,False,2023-12-14,2026-06-10,600,0.3879386567543657,0.14761314521709767,0.06390628566949476,-0.043653659420074264,2.3098376579185205,3478182.5293412884,0.6037141190716754,3478182.5293412884,1.4374145692182747,0.6037141190716754,1106700.0,232407.0,83,154,83,71,"{'FILLED': 83, 'REJECTED': 71}",{'insufficient_cash_or_lot': 71},8,8,0.05930768515656632,8,configs\r3_global_nasdaq_all_weather_ewma_risk_parity_cvar_dynamic_budget.yaml,r3_global_nasdaq_all_weather_ewma_risk_parity_cvar_dynamic_budget,r3_global_nasdaq_all_weather_ewma_risk_parity_cvar_dynamic_budget,split_515080_563020,"['CN_ETF:515080.SH', 'CN_ETF:563020.SH']",2022-05-31,2023-12-14,2026-06-10,['risk_parity_cvar_dynamic_budget'],results\backtests\dividend_sleeve_oos_matrix\20260624_213021\r3_global_nasdaq_all_weather_ewma_risk_parity_cvar_dynamic_budget\split_515080_563020\r3_global_nasdaq_all_weather_ewma_risk_parity_cvar_dynamic_budget_split_515080_563020_oos_20260624_213053_127768
results\backtests\dividend_sleeve_oos_matrix\20260624_213021\us_blend_ewma_risk_parity_cvar_dynamic_budget\single_515080\us_blend_ewma_risk_parity_cvar_dynamic_budget_single_515080_oos_20260624_213053_751177,results\backtests\dividend_sleeve_oos_matrix\20260624_213021\us_blend_ewma_risk_parity_cvar_dynamic_budget\single_515080\us_blend_ewma_risk_parity_cvar_dynamic_budget_single_515080_oos_20260624_213053_751177\nav.csv,results\backtests\dividend_sleeve_oos_matrix\20260624_213021\us_blend_ewma_risk_parity_cvar_dynamic_budget\single_515080\us_blend_ewma_risk_parity_cvar_dynamic_budget_single_515080_oos_20260624_213053_751177\positions.csv,results\backtests\dividend_sleeve_oos_matrix\20260624_213021\us_blend_ewma_risk_parity_cvar_dynamic_budget\single_515080\us_blend_ewma_risk_parity_cvar_dynamic_budget_single_515080_oos_20260624_213053_751177\orders.csv,results\backtests\dividend_sleeve_oos_matrix\20260624_213021\us_blend_ewma_risk_parity_cvar_dynamic_budget\single_515080\us_blend_ewma_risk_parity_cvar_dynamic_budget_single_515080_oos_20260624_213053_751177\trades.csv,False,2023-12-14,2026-06-10,600,0.4994943780488741,0.18548710286086245,0.06741915585933049,-0.04531167570673511,2.751252229379433,5333802.981798196,0.8734147416419424,5333802.981798196,2.0795589086712916,0.8734147416419424,1364200.0,286482.0,163,334,163,171,"{'REJECTED': 171, 'FILLED': 163}",{'insufficient_cash_or_lot': 171},0,6,0.060467547345707556,6,configs\us_blend_ewma_risk_parity_cvar_dynamic_budget.yaml,us_blend_ewma_risk_parity_cvar_dynamic_budget,us_blend_ewma_risk_parity_cvar_dynamic_budget,single_515080,['CN_ETF:515080.SH'],2019-02-28,2023-12-14,2026-06-10,['risk_parity_cvar_dynamic_budget'],results\backtests\dividend_sleeve_oos_matrix\20260624_213021\us_blend_ewma_risk_parity_cvar_dynamic_budget\single_515080\us_blend_ewma_risk_parity_cvar_dynamic_budget_single_515080_oos_20260624_213053_751177
results\backtests\dividend_sleeve_oos_matrix\20260624_213021\us_blend_ewma_risk_parity_cvar_dynamic_budget\single_563020\us_blend_ewma_risk_parity_cvar_dynamic_budget_single_563020_oos_20260624_213056_804534,results\backtests\dividend_sleeve_oos_matrix\20260624_213021\us_blend_ewma_risk_parity_cvar_dynamic_budget\single_563020\us_blend_ewma_risk_parity_cvar_dynamic_budget_single_563020_oos_20260624_213056_804534\nav.csv,results\backtests\dividend_sleeve_oos_matrix\20260624_213021\us_blend_ewma_risk_parity_cvar_dynamic_budget\single_563020\us_blend_ewma_risk_parity_cvar_dynamic_budget_single_563020_oos_20260624_213056_804534\positions.csv,results\backtests\dividend_sleeve_oos_matrix\20260624_213021\us_blend_ewma_risk_parity_cvar_dynamic_budget\single_563020\us_blend_ewma_risk_parity_cvar_dynamic_budget_single_563020_oos_20260624_213056_804534\orders.csv,results\backtests\dividend_sleeve_oos_matrix\20260624_213021\us_blend_ewma_risk_parity_cvar_dynamic_budget\single_563020\us_blend_ewma_risk_parity_cvar_dynamic_budget_single_563020_oos_20260624_213056_804534\trades.csv,False,2023-12-14,2026-06-10,600,0.48492636201245576,0.18063611876698782,0.06688773273505565,-0.04621128994870227,2.7005866603745265,5128214.729500789,0.8423502071185777,5128214.729500789,2.005595731234709,0.8423502071185777,1475400.0,309834.0,156,274,156,118,"{'FILLED': 156, 'REJECTED': 118}",{'insufficient_cash_or_lot': 118},1,6,0.06116981253986706,6,configs\us_blend_ewma_risk_parity_cvar_dynamic_budget.yaml,us_blend_ewma_risk_parity_cvar_dynamic_budget,us_blend_ewma_risk_parity_cvar_dynamic_budget,single_563020,['CN_ETF:563020.SH'],2019-02-28,2023-12-14,2026-06-10,['risk_parity_cvar_dynamic_budget'],results\backtests\dividend_sleeve_oos_matrix\20260624_213021\us_blend_ewma_risk_parity_cvar_dynamic_budget\single_563020\us_blend_ewma_risk_parity_cvar_dynamic_budget_single_563020_oos_20260624_213056_804534
results\backtests\dividend_sleeve_oos_matrix\20260624_213021\us_blend_ewma_risk_parity_cvar_dynamic_budget\split_515080_563020\us_blend_ewma_risk_parity_cvar_dynamic_budget_split_515080_563020_oos_20260624_213059_650943,results\backtests\dividend_sleeve_oos_matrix\20260624_213021\us_blend_ewma_risk_parity_cvar_dynamic_budget\split_515080_563020\us_blend_ewma_risk_parity_cvar_dynamic_budget_split_515080_563020_oos_20260624_213059_650943\nav.csv,results\backtests\dividend_sleeve_oos_matrix\20260624_213021\us_blend_ewma_risk_parity_cvar_dynamic_budget\split_515080_563020\us_blend_ewma_risk_parity_cvar_dynamic_budget_split_515080_563020_oos_20260624_213059_650943\positions.csv,results\backtests\dividend_sleeve_oos_matrix\20260624_213021\us_blend_ewma_risk_parity_cvar_dynamic_budget\split_515080_563020\us_blend_ewma_risk_parity_cvar_dynamic_budget_split_515080_563020_oos_20260624_213059_650943\orders.csv,results\backtests\dividend_sleeve_oos_matrix\20260624_213021\us_blend_ewma_risk_parity_cvar_dynamic_budget\split_515080_563020\us_blend_ewma_risk_parity_cvar_dynamic_budget_split_515080_563020_oos_20260624_213059_650943\trades.csv,False,2023-12-14,2026-06-10,600,0.44890886471269553,0.16852295745213564,0.06841988541507685,-0.0454791388240493,2.463069857977288,4794866.337650729,0.7969244672820022,4794866.337650729,1.897439207814291,0.7969244672820022,1426400.0,299544.0,151,391,151,240,"{'REJECTED': 240, 'FILLED': 151}",{'insufficient_cash_or_lot': 240},0,7,0.05603640576945794,7,configs\us_blend_ewma_risk_parity_cvar_dynamic_budget.yaml,us_blend_ewma_risk_parity_cvar_dynamic_budget,us_blend_ewma_risk_parity_cvar_dynamic_budget,split_515080_563020,"['CN_ETF:515080.SH', 'CN_ETF:563020.SH']",2019-02-28,2023-12-14,2026-06-10,['risk_parity_cvar_dynamic_budget'],results\backtests\dividend_sleeve_oos_matrix\20260624_213021\us_blend_ewma_risk_parity_cvar_dynamic_budget\split_515080_563020\us_blend_ewma_risk_parity_cvar_dynamic_budget_split_515080_563020_oos_20260624_213059_650943
